Date,Open,High,Low,Close,Volume
20100104,9031.9,9129.45,9031.9,9112.35,9606489
20100105,9191.25,9214.0,9157.35,9192.15,16767524
20100106,9243.9,9265.55,9183.65,9223.0,16215141
20100107,9240.25,9261.85,9153.25,9192.95,11676155
20100108,9185.05,9214.35,9141.45,9160.7,12438359
20100111,9209.15,9248.0,9161.05,9173.55,12957323
20100112,9173.85,9173.85,8973.05,8985.1,26424773
20100113,8912.6,8937.85,8836.7,8926.1,19855278
20100114,8952.0,9040.0,8883.1,8910.8,16938680
20100115,8961.65,8982.55,8874.8,8911.1,19425549
20100118,8887.15,9120.35,8863.2,9093.25,17752627
20100119,9125.9,9202.5,9093.95,9135.9,14762784
20100120,9177.75,9196.4,9104.1,9126.35,17648807
20100121,9093.0,9098.1,8889.05,8919.3,18140491
20100122,8891.8,8891.8,8659.9,8772.65,21046522
20100125,8724.8,8751.2,8669.55,8696.6,12814386
20100127,8564.6,8602.65,8294.6,8329.8,25504488
20100128,8396.5,8496.1,8354.25,8423.85,34620160
20100129,8346.55,8687.0,8306.1,8651.55,38569989
20100201,8597.45,8712.25,8495.25,8649.25,20358895
20100202,8666.7,8718.65,8453.9,8468.15,19575079
20100203,8489.8,8662.95,8489.8,8631.85,17646774
20100204,8591.8,8623.25,8455.5,8471.1,17517164
20100205,8319.15,8319.15,8150.45,8223.25,18540082
20100206,8268.2,8293.25,8249.0,8275.2,2101628
20100208,8279.75,8412.3,8160.95,8342.2,15299740
20100209,8322.0,8420.4,8271.55,8392.45,14994228
20100210,8410.55,8444.2,8259.4,8290.0,13374885
20100211,8327.7,8451.95,8327.7,8381.4,10898769
20100215,8441.6,8441.6,8282.05,8312.7,8571819
20100216,8324.3,8432.15,8289.15,8397.8,8493163
20100217,8446.55,8569.25,8446.55,8551.5,15712708
20100218,8574.75,8602.0,8523.35,8573.9,18048887
20100219,8490.25,8530.25,8407.95,8487.1,14813600
20100222,8565.3,8598.25,8473.15,8493.35,10340839
20100223,8491.4,8577.9,8453.4,8512.95,12335870
20100224,8463.45,8527.35,8458.45,8504.55,11256969
20100225,8520.6,8554.95,8469.65,8537.8,18820464
20100226,8535.45,8851.35,8527.05,8722.75,24323606
20100302,8826.9,8945.6,8826.9,8922.1,18123512
20100303,8922.15,9046.9,8922.15,9039.45,18803027
20100304,9055.95,9068.95,8965.25,9013.8,16820143
20100305,9012.85,9095.3,8967.8,9038.45,16681174
20100308,9102.15,9178.55,9093.45,9145.95,21139512
20100309,9118.7,9177.0,9073.5,9138.2,16236278
20100310,9136.25,9156.0,9074.0,9119.25,15159557
20100311,9114.65,9219.2,9087.35,9186.85,13510984
20100312,9201.15,9230.0,9145.6,9172.9,12581598
20100315,9118.2,9146.2,9056.15,9085.5,10800991
20100316,9071.0,9121.95,8986.75,9102.95,11514299
20100317,9162.45,9221.05,9142.0,9188.4,16157111
20100318,9214.1,9287.6,9172.05,9252.3,13951482
20100319,9293.7,9294.1,9231.9,9270.8,11095350
20100322,9171.2,9240.85,9066.7,9186.95,13898909
20100323,9192.45,9257.9,9166.4,9222.9,13720455
20100325,9191.4,9342.0,9165.5,9318.25,23038698
20100326,9331.65,9473.2,9321.5,9456.2,15949000
20100329,9452.1,9578.5,9452.1,9517.6,15054228
20100330,9558.95,9587.65,9461.25,9470.3,13567250
20100331,9509.85,9537.45,9440.35,9459.6,12860458
20100401,9464.15,9523.4,9445.55,9507.75,10367373
20100405,9593.55,9708.9,9582.0,9698.6,14913546
20100406,9732.6,9772.4,9674.1,9728.2,21797034
20100407,9778.5,9793.2,9639.85,9681.05,21601793
20100408,9676.7,9676.7,9492.3,9520.0,13733134
20100409,9538.0,9686.25,9538.0,9656.5,12134046
20100412,9661.2,9667.4,9547.6,9575.45,10825715
20100413,9565.05,9565.35,9453.55,9483.0,12489918
20100415,9501.6,9575.25,9330.8,9344.6,16781801
20100416,9345.5,9410.15,9266.15,9353.75,14024845
20100419,9273.85,9357.05,9206.0,9302.9,12008514
20100420,9314.55,9501.85,9314.55,9446.1,17263565
20100421,9477.1,9574.55,9477.1,9555.3,17323311
20100422,9534.05,9739.1,9500.15,9623.25,23562266
20100423,9653.15,9824.95,9653.15,9813.3,21085662
20100426,9890.8,9920.45,9824.75,9839.15,18036619
20100427,9827.0,9827.0,9744.7,9756.45,10979860
20100428,9630.35,9723.35,9603.5,9634.9,15025215
20100429,9652.6,9822.05,9652.6,9803.8,20643625
20100430,9809.4,9923.15,9809.4,9870.35,18705008
20100503,9809.4,9863.45,9741.5,9775.5,13289323
20100504,9816.6,9837.7,9607.45,9623.7,13632832
20100505,9461.35,9609.45,9454.75,9581.85,18029270
20100506,9588.85,9627.45,9449.75,9582.0,13828188
20100507,9426.65,9444.05,9239.8,9276.1,16890683
20100510,9419.5,9684.4,9402.05,9656.25,17358082
20100511,9683.2,9733.8,9593.55,9626.1,15580695
20100512,9640.8,9740.85,9587.1,9722.2,16193593
20100513,9788.35,9849.05,9748.85,9773.35,15143282
20100514,9738.15,9762.15,9548.2,9589.05,15791023
20100517,9485.35,9551.05,9303.75,9526.5,18822193
20100518,9522.15,9572.05,9430.7,9492.25,14357782
20100519,9408.7,9408.7,9075.0,9108.35,24421464
20100520,9208.3,9251.95,9108.2,9174.6,15807610
20100521,9151.3,9174.9,8969.2,9135.7,14349350
20100524,9524.5,9524.5,9044.55,9087.25,11950621
20100525,9023.6,9023.6,8806.65,8851.75,15162573
20100526,8911.4,9037.65,8911.4,9027.6,15773764
20100527,9007.3,9292.15,8954.35,9258.45,19962141
20100528,9285.95,9383.95,9215.6,9312.6,14073755
20100531,9305.55,9385.3,9257.65,9363.7,11568935
20100601,9331.85,9334.3,9093.15,9119.05,14957346
20100602,9164.05,9220.2,9083.65,9192.45,11618027
20100603,9290.35,9404.1,9288.5,9387.7,12683943
20100604,9402.8,9490.95,9363.3,9455.95,14062995
20100607,9221.8,9328.15,9192.7,9292.6,12289028
20100608,9291.25,9387.1,9143.5,9185.3,14078171
20100609,9195.9,9341.3,9182.45,9238.2,12035977
20100610,9233.55,9367.45,9215.35,9346.45,12919251
20100611,9428.85,9463.05,9386.7,9451.75,12236838
20100614,9496.35,9549.9,9468.75,9534.1,14233098
20100615,9524.9,9566.3,9422.95,9554.4,9892853
20100616,9629.65,9629.65,9527.4,9588.9,11870067
20100617,9582.95,9636.8,9446.3,9613.4,19899968
20100618,9600.7,9611.55,9544.3,9576.25,12248783
20100621,9626.4,9793.15,9626.4,9758.05,13556781
20100622,9739.05,9762.6,9665.3,9675.5,10095247
20100623,9622.75,9744.15,9622.1,9718.95,9938750
20100624,9706.9,9731.5,9617.7,9673.6,34645769
20100625,9627.6,9627.6,9429.7,9451.1,12227451
20100628,9456.1,9551.9,9436.75,9542.2,10187191
20100629,9513.05,9513.05,9348.4,9381.4,13263247
20100630,9344.0,9486.75,9301.4,9464.6,14983170
20100701,9403.95,9412.8,9303.05,9349.4,12190474
20100702,9363.6,9410.3,9330.3,9357.15,10010150
20100705,9335.45,9415.85,9312.1,9385.35,6291482
20100706,9388.7,9564.8,9383.25,9550.9,10627115
20100707,9534.95,9534.95,9430.5,9449.25,9047835
20100708,9516.7,9615.15,9516.7,9566.6,11939493
20100709,9616.6,9726.5,9616.6,9713.7,13834001
20100712,9745.9,9864.4,9745.9,9850.6,13341431
20100713,9737.65,9940.75,9737.65,9931.6,12332271
20100714,10009.0,10062.0,9928.4,9956.65,14308675
20100715,9967.25,9995.75,9885.55,9932.1,13773357
20100716,9951.3,10026.2,9941.7,10013.5,14872609
20100719,10001.9,10078.4,9956.65,10032.5,17400936
20100720,10081.8,10106.8,9949.05,9976.0,10718128
20100721,10003.5,10037.5,9940.95,9992.15,12385763
20100722,9954.9,10069.2,9914.85,10060.2,16595679
20100723,10088.2,10120.6,10034.5,10093.9,16948858
20100726,10108.9,10152.5,9998.95,10024.0,10968776
20100727,10035.7,10128.6,9951.55,10090.7,13667176
20100728,10093.9,10117.0,10024.4,10068.2,11912415
20100729,10038.6,10207.2,10032.0,10179.7,18235758
20100730,10152.5,10243.9,10116.7,10161.0,20039922
20100802,10258.3,10436.4,10255.4,10411.5,19563962
20100803,10452.2,10542.9,10448.2,10502.7,18339489
20100804,10511.0,10525.8,10412.7,10489.3,13149823
20100805,10444.6,10539.7,10441.5,10454.9,14691422
20100806,10442.2,10476.7,10365.0,10383.7,11555552
20100809,10407.5,10534.0,10393.5,10524.1,10940788
20100810,10507.5,10578.8,10473.5,10520.0,14302448
20100811,10506.0,10545.5,10391.9,10428.7,11714795
20100812,10308.2,10614.2,10308.2,10583.7,20921223
20100813,10603.9,10782.2,10603.9,10737.3,18610635
20100816,10732.0,10778.2,10645.5,10680.5,15197503
20100817,10709.2,10810.3,10705.7,10770.2,23593222
20100818,10790.8,10931.7,10756.5,10894.0,22541989
20100819,10920.4,11127.0,10895.8,11110.5,19154382
20100820,11058.5,11105.0,11005.5,11033.8,12970858
20100823,11024.5,11115.5,10971.7,11095.5,11134368
20100824,11083.0,11125.8,10979.5,11043.0,14385823
20100825,10993.0,11029.2,10917.1,10937.8,13865187
20100826,10941.8,11042.2,10941.8,10981.7,17354648
20100827,11003.2,11003.2,10681.6,10727.5,10660393
20100830,10834.4,10873.3,10671.5,10747.2,8408252
20100831,10699.0,10771.0,10653.3,10746.3,12296930
20100901,10761.7,10895.5,10761.7,10879.8,12343231
20100902,10931.4,11001.7,10931.4,10980.6,13273819
20100903,10992.2,11017.2,10938.9,10991.2,9153616
20100906,11033.6,11261.2,11033.6,11218.8,12335466
20100907,11236.7,11247.2,11156.8,11193.0,10440782
20100908,11110.3,11256.2,11099.3,11190.0,17096298
20100909,11223.7,11468.8,11223.7,11446.7,29004253
20100913,11489.5,11905.2,11489.5,11872.8,31202595
20100914,11902.8,12042.6,11893.3,11928.3,22597490
20100915,11917.5,12022.3,11917.5,11987.6,25260118
20100916,11960.7,12236.8,11960.6,12032.0,31281572
20100917,12071.7,12175.8,12037.3,12104.1,16052377
20100920,12109.0,12291.0,12067.4,12251.2,16226910
20100921,12288.1,12335.1,12173.2,12245.0,20158921
20100922,12248.1,12340.0,12177.8,12305.7,25678463
20100923,12312.5,12327.8,12111.4,12146.3,17429935
20100924,12083.3,12288.0,12068.4,12263.5,23947426
20100927,12323.5,12363.3,12227.8,12253.2,15352362
20100928,12242.8,12295.8,12163.3,12272.4,15925221
20100929,12324.5,12342.5,12220.9,12237.5,15064178
20100930,12210.8,12410.6,12178.9,12366.3,20082897
20101001,12390.9,12580.0,12376.2,12556.8,18478058
20101004,12605.5,12738.5,12605.5,12651.3,16796777
20101005,12638.8,12679.2,12572.2,12596.5,14416190
20101006,12647.2,12729.0,12589.0,12629.2,18207251
20101007,12638.4,12650.2,12512.8,12536.6,14901666
20101008,12560.9,12586.7,12414.8,12473.4,15985175
20101011,12514.9,12592.0,12457.5,12513.0,12342404
20101012,12517.2,12521.8,12371.4,12461.8,12746500
20101013,12494.7,12763.7,12459.2,12745.0,20461379
20101014,12786.0,12827.3,12532.4,12598.8,15086656
20101015,12615.5,12629.5,12324.4,12346.5,14571091
20101018,12451.5,12451.5,12149.5,12331.3,18753597
20101019,12415.0,12535.8,12212.3,12245.7,20390525
20101020,12214.8,12302.7,12139.9,12176.5,23449468
20101021,12219.0,12458.2,12190.5,12435.8,27946747
20101022,12480.2,12486.5,12298.2,12384.8,19645795
20101025,12423.3,12580.5,12397.4,12424.7,15686391
20101026,12427.5,12435.7,12314.7,12332.7,13965782
20101027,12324.8,12331.1,12097.8,12182.7,24265786
20101028,12226.7,12291.2,12052.0,12105.3,48900043
20101029,12145.7,12396.7,11955.5,12330.8,32308131
20101101,12485.5,12779.7,12485.5,12734.9,22823084
20101102,12750.0,12844.5,12685.2,12770.9,17853957
20101103,12844.0,12958.1,12844.0,12891.8,17446250
20101104,12987.3,13204.5,12952.2,13182.9,22472451
20101105,13246.0,13303.6,13243.2,13268.7,4450967
20101108,13288.0,13301.5,13078.9,13105.1,19890249
20101109,13023.8,13171.1,12950.7,13121.3,21321066
20101110,13092.9,13098.8,12980.8,13007.1,20707745
20101111,13014.2,13068.5,12782.0,12823.6,16964332
20101112,12788.5,12826.7,12428.8,12457.3,19917411
20101115,12467.5,12789.5,12445.5,12762.2,25614346
20101116,12826.9,12826.9,12436.5,12524.5,25396501
20101118,12630.9,12630.9,12050.3,12315.2,35496342
20101119,12325.8,12325.8,12013.7,12063.0,21412722
20101122,12120.8,12414.5,12054.5,12390.1,25919988
20101123,12318.8,12318.8,11891.3,12206.5,25581537
20101124,12206.0,12292.8,11746.8,11842.5,28493254
20101125,11897.9,11962.1,11608.3,11652.4,44833925
20101126,11703.2,11874.5,11362.9,11668.8,40363826
20101129,11731.3,11855.7,11707.8,11828.3,25574288
20101130,11811.1,12031.2,11725.5,11952.6,34647534
20101201,11987.7,12345.3,11963.8,12310.8,24162268
20101202,12411.0,12535.8,12389.7,12472.6,21526225
20101203,12453.2,12464.1,12232.7,12349.2,20315958
20101206,12428.0,12429.5,12011.5,12051.2,21573371
20101207,12040.4,12040.4,11629.5,11695.3,33009574
20101208,11646.0,11646.0,11403.8,11460.2,29991236
20101209,11470.7,11534.0,11044.0,11116.0,34767654
20101210,11087.8,11482.7,10977.9,11447.0,32866394
20101213,11527.3,11565.3,11270.1,11518.1,23768249
20101214,11558.4,11623.7,11441.4,11560.5,17221835
20101215,11478.8,11490.3,11151.0,11196.3,20872803
20101216,11231.2,11485.0,11147.5,11424.2,23470025
20101220,11401.0,11404.7,11237.2,11267.1,16926173
20101221,11294.3,11571.0,11294.3,11537.2,18916288
20101222,11597.5,11634.7,11408.2,11467.7,15145495
20101223,11510.5,11541.0,11432.2,11469.0,10083768
20101224,11412.7,11510.5,11390.1,11477.0,8154031
20101227,11491.4,11543.9,11441.5,11471.0,6770974
20101228,11497.3,11497.3,11392.9,11427.3,8881475
20101229,11448.7,11627.1,11433.3,11612.9,9234226
20101230,11605.0,11662.1,11573.7,11629.3,15063594
20101231,11633.7,11828.4,11631.2,11791.5,12556910
20110103,11882.1,11912.2,11827.0,11855.8,8895927
20110104,11868.4,11872.8,11545.5,11564.0,16041214
20110105,11545.8,11545.8,11265.5,11305.5,19689201
20110106,11350.7,11377.1,11164.8,11186.8,19559984
20110107,11146.5,11258.5,11007.9,11053.3,25192954
20110110,11024.5,11072.7,10671.6,10700.7,21584988
20110111,10734.2,10951.2,10620.8,10833.5,22297958
20110112,10906.4,11161.2,10728.5,11128.2,24855243
20110113,11126.0,11128.0,10676.5,10716.7,18520804
20110114,10746.8,10907.3,10387.9,10432.9,19299172
20110117,10459.6,10571.8,10373.8,10471.1,17582785
20110118,10534.3,10678.0,10520.3,10618.5,15798854
20110119,10646.0,10715.0,10562.2,10615.2,16373787
20110120,10579.2,10878.8,10493.2,10798.3,20737998
20110121,10750.4,10923.7,10740.0,10889.4,20711935
20110124,10923.8,11177.8,10913.5,11151.2,25594559
20110125,11183.5,11257.0,10849.4,10873.0,26933578
20110127,10946.4,10970.8,10639.8,10676.2,33825401
20110128,10690.0,10736.4,10481.1,10578.2,30566761
20110131,10444.3,10696.3,10400.2,10641.8,23667220
20110201,10683.5,10683.5,10457.8,10481.2,19052700
20110202,10599.0,10615.0,10418.2,10470.2,16558714
20110203,10461.0,10704.3,10429.5,10670.6,14250534
20110204,10632.9,10772.5,10385.9,10433.8,16887180
20110207,10457.8,10509.8,10354.6,10384.0,14265174
20110208,10431.0,10431.0,10119.5,10147.8,19757849
20110209,10131.3,10294.8,10038.2,10116.7,21990881
20110210,10106.2,10227.8,10017.8,10074.1,18142965
20110211,10061.4,10473.5,10061.4,10447.8,17556064
20110214,10477.8,10815.7,10477.8,10802.5,15441564
20110215,10821.5,11035.2,10722.7,10959.7,21402975
20110216,10929.2,11024.2,10908.7,10960.7,13368018
20110217,10996.2,11190.2,10918.1,11134.7,17923022
20110218,11153.8,11300.5,10915.3,10949.7,24049126
20110221,10935.3,11070.3,10806.3,11050.1,12743472
20110222,10957.5,10957.5,10777.7,10836.8,12459726
20110223,10776.8,10857.8,10628.7,10646.5,14092148
20110224,10603.2,10643.2,10169.0,10210.8,30494243
20110225,10329.7,10510.5,10263.2,10435.8,17310426
20110228,10512.2,10744.8,10364.3,10435.3,20882243
20110301,10542.0,10906.2,10528.3,10885.4,17467260
20110303,10805.0,11066.4,10759.7,10914.5,23317864
20110304,11008.9,11134.1,10924.1,10963.4,15478227
20110307,10886.1,10886.1,10658.3,10782.2,13400598
20110308,10782.6,10962.7,10779.2,10931.5,11611009
20110309,10987.4,11054.0,10904.6,10974.8,13624530
20110310,10920.7,10920.7,10783.3,10850.2,8570911
20110311,10772.9,10904.2,10697.1,10741.0,10342964
20110314,10730.4,10916.7,10730.4,10893.2,8549523
20110315,10673.9,10784.2,10591.3,10725.8,15737040
20110316,10777.1,11001.2,10777.1,10957.6,14642372
20110317,10881.8,11018.3,10824.4,10852.0,18742418
20110318,10882.0,10927.2,10699.4,10715.9,12681381
20110321,10795.7,10814.8,10661.2,10723.6,8612801
20110322,10760.0,10822.2,10726.2,10771.3,10534300
20110323,10755.8,10972.3,10744.7,10958.1,15854028
20110324,11001.8,11112.6,11001.8,11070.3,12482356
20110325,11179.2,11420.4,11136.5,11387.3,17583644
20110328,11348.8,11599.0,11348.2,11523.4,23406895
20110329,11522.8,11657.6,11507.5,11582.5,15435007
20110330,11625.5,11801.7,11625.5,11765.2,14811466
20110331,11805.0,11898.4,11569.2,11705.5,29672943
20110401,11713.0,11738.5,11540.8,11591.0,13335249
20110404,11614.5,11840.7,11614.5,11804.3,14005913
20110405,11853.6,11861.2,11678.1,11798.9,15299091
20110406,11784.5,11838.0,11686.5,11730.0,14274670
20110407,11724.8,11825.0,11656.7,11754.4,11993254
20110408,11751.8,11853.3,11632.5,11673.2,14180172
20110411,11591.0,11637.0,11551.8,11597.8,12854286
20110413,11531.5,11856.3,11490.5,11839.5,15316571
20110415,11810.1,11950.7,11707.6,11735.7,17418048
20110418,11754.2,11887.1,11525.0,11539.8,18486367
20110419,11563.0,11631.2,11482.2,11586.8,20321825
20110420,11678.7,11813.7,11614.6,11794.5,12736970
20110421,11857.5,11926.0,11837.0,11894.8,13366984
20110425,11860.3,11978.0,11860.3,11879.0,14411528
20110426,11903.8,11912.5,11709.8,11867.7,14145291
20110427,11922.3,11936.3,11732.2,11779.8,12586281
20110428,11851.8,11855.2,11659.5,11684.8,24039397
20110429,11671.0,11723.2,11406.8,11483.8,18882062
20110502,11509.3,11543.3,11204.7,11243.8,17341010
20110503,11222.0,11349.5,10849.2,10898.3,33064218
20110504,10888.5,11013.4,10797.6,10913.3,26253155
20110505,10909.0,10987.6,10677.3,10730.1,21526596
20110506,10751.3,11167.4,10751.3,11145.1,23183731
20110509,11194.5,11213.5,10956.3,11076.5,10877625
20110510,11068.6,11096.9,10945.7,11009.4,10908505
20110511,11036.2,11097.2,10904.1,11059.0,11971918
20110512,11009.3,11076.0,10865.2,10887.5,11656334
20110513,10896.5,11180.4,10838.2,11021.0,15546695
20110516,10975.2,10975.2,10878.7,10912.3,9001125
20110517,10921.0,10972.5,10617.2,10668.8,20447537
20110518,10669.6,10695.7,10551.0,10599.0,16747739
20110519,10661.5,10674.7,10524.3,10558.3,11075315
20110520,10582.5,10727.2,10541.0,10664.1,15104977
20110523,10612.5,10612.5,10340.0,10368.2,15372064
20110524,10361.0,10524.8,10360.8,10425.5,12365626
20110525,10427.2,10428.2,10340.7,10355.8,18226752
20110526,10404.0,10501.9,10379.2,10468.3,21941241
20110527,10491.5,10735.2,10491.5,10722.7,15728551
20110530,10742.0,10823.2,10715.1,10781.5,10396116
20110531,10829.0,11036.8,10819.5,11020.8,19888326
20110601,11011.2,11056.4,10959.1,11033.4,11294940
20110602,10872.2,10881.4,10802.3,10839.2,10753176
20110603,10860.2,10946.8,10751.1,10782.0,10099081
20110606,10734.2,10873.9,10682.3,10854.7,9698542
20110607,10799.3,10918.2,10796.2,10873.5,7566001
20110608,10816.4,10882.3,10764.7,10791.5,8225193
20110609,10775.5,10850.3,10734.8,10785.4,8347574
20110610,10800.5,10814.8,10627.6,10714.2,9336085
20110613,10675.3,10757.4,10616.0,10717.5,8521135
20110614,10737.3,10830.4,10737.3,10804.0,14097083
20110615,10789.9,10795.8,10608.8,10626.7,9095965
20110616,10550.7,10706.0,10502.4,10572.2,14289446
20110617,10652.8,10652.8,10548.2,10598.2,12009192
20110620,10592.7,10618.4,10340.4,10484.3,11185463
20110621,10503.8,10645.1,10426.8,10459.2,11691513
20110622,10526.4,10551.8,10435.0,10475.2,8956049
20110623,10453.1,10553.3,10421.7,10526.5,8650931
20110624,10576.5,10875.2,10576.5,10854.5,16214400
20110627,10808.9,11068.6,10774.1,11032.5,16058582
20110628,11059.2,11114.2,10986.7,11054.0,12616092
20110629,11110.3,11170.3,11090.5,11153.3,13562659
20110630,11183.2,11271.3,11149.2,11244.7,23074213
20110701,11360.0,11360.0,11190.0,11255.0,10818528
20110704,11379.0,11401.0,11322.0,11379.8,9596262
20110705,11385.0,11431.7,11302.6,11406.1,9887526
20110706,11379.2,11404.7,11255.0,11283.0,8272943
20110707,11298.0,11446.5,11232.2,11426.1,11837330
20110708,11432.0,11451.2,11270.0,11285.2,13657343
20110711,11275.0,11275.0,11106.8,11135.5,8947008
20110712,11040.7,11131.8,10941.3,11022.5,11843935
20110713,11065.2,11164.2,11060.9,11142.2,10109907
20110714,11121.4,11385.3,11072.5,11263.8,17432202
20110715,11249.4,11334.6,11195.5,11234.5,8201646
20110718,11234.7,11277.5,11176.8,11228.8,7416660
20110719,11230.0,11353.8,11204.8,11313.8,13118783
20110720,11372.2,11388.5,11142.4,11164.7,10134704
20110721,11159.1,11193.0,11021.7,11049.8,12408813
20110722,11110.8,11309.5,11105.7,11292.0,20117440
20110725,11286.2,11433.1,11233.3,11391.8,18852511
20110726,11398.0,11430.8,11068.2,11114.5,20890181
20110727,11126.7,11139.7,10962.0,11000.2,18019754
20110728,10902.6,10954.2,10799.8,10828.5,24194111
20110729,10820.7,10968.8,10758.4,10893.7,18571972
20110801,11014.2,11064.9,10882.0,10939.0,11375547
20110802,10902.5,10902.5,10720.3,10743.3,14547952
20110803,10647.9,10686.4,10545.2,10639.5,13896656
20110804,10682.5,10766.0,10515.0,10537.0,12168774
20110805,10306.1,10392.2,10150.3,10354.5,21688986
20110808,10121.4,10481.5,10072.5,10232.3,19277083
20110809,9952.2,10424.2,9920.8,10196.5,24685637
20110810,10516.5,10516.5,10393.7,10463.2,15010608
20110811,10419.4,10516.9,10323.5,10338.8,14434228
20110812,10469.2,10469.2,10131.7,10182.7,17187214
20110816,10315.1,10315.1,10023.0,10056.4,15204055
20110817,10050.0,10173.1,9869.75,9953.2,19175925
20110818,9987.6,10002.3,9564.95,9601.5,26093733
20110819,9452.7,9587.7,9280.25,9404.85,26512221
20110822,9422.65,9466.1,9224.95,9407.35,19165439
20110823,9474.05,9523.0,9303.35,9488.7,19424208
20110824,9453.05,9561.9,9275.15,9331.85,17183480
20110825,9393.35,9401.15,9134.95,9177.25,28813868
20110826,9186.4,9217.7,8917.95,8974.55,16930301
20110829,9099.85,9378.1,9099.85,9342.45,15070572
20110830,9466.3,9565.3,9355.15,9533.4,17148367
20110902,9707.45,9707.45,9490.0,9581.35,21611861
20110905,9509.0,9630.05,9448.75,9614.05,16549440
20110906,9556.95,9695.45,9364.6,9657.6,23324630
20110907,9698.4,9906.8,9683.95,9858.9,18045978
20110908,9888.55,9940.25,9749.2,9920.05,17881542
20110909,9947.1,9972.0,9647.6,9678.7,17554389
20110912,9550.95,9550.95,9347.15,9395.25,15016277
20110913,9454.45,9567.5,9260.9,9339.7,14917129
20110914,9365.05,9507.35,9267.55,9472.45,17462937
20110915,9569.35,9708.8,9390.1,9660.35,17226040
20110916,9744.65,9798.75,9590.15,9720.25,25939207
20110919,9664.35,9664.35,9545.85,9583.55,11199023
20110920,9589.35,9848.65,9578.6,9812.7,13791717
20110921,9838.6,9962.95,9809.3,9929.0,17281920
20110922,9756.2,9756.2,9489.7,9520.6,15097772
20110923,9418.7,9540.8,9284.65,9375.7,25547887
20110926,9373.95,9467.75,9165.8,9384.5,20996130
20110927,9528.3,9661.5,9528.3,9619.95,16511127
20110928,9670.45,9675.65,9449.0,9512.15,16614757
20110929,9467.55,9688.65,9406.35,9653.4,22781919
20110930,9600.35,9635.65,9420.65,9468.3,17964080
20111003,9332.6,9332.6,9156.45,9185.9,14777605
20111004,9135.05,9240.15,8818.05,8913.35,24395091
20111005,8930.75,8991.8,8626.45,8701.3,29657407
20111007,8970.55,9120.05,8970.55,9038.25,22109757
20111010,9051.0,9190.85,8982.9,9168.9,18678576
20111011,9262.1,9363.2,9148.1,9178.65,16621497
20111012,9240.4,9514.2,9193.75,9482.3,21933989
20111013,9594.0,9685.05,9547.1,9591.25,22114747
20111014,9548.25,9691.85,9526.95,9660.4,20812157
20111017,9717.35,9788.2,9666.35,9721.3,13006452
20111018,9625.55,9634.55,9492.95,9583.9,13090163
20111019,9673.0,9865.85,9673.0,9841.35,13388954
20111020,9722.85,9763.8,9618.35,9746.4,18001358
20111021,9767.4,9811.35,9678.4,9695.35,12395573
20111024,9819.5,9916.6,9606.75,9647.85,20494094
20111025,9709.85,9817.1,9323.0,9511.6,55342097
20111026,9574.55,9607.3,9523.7,9546.6,3682814
20111028,9837.95,9932.4,9837.35,9917.05,27730083
20111031,9932.0,10080.0,9826.8,9989.65,23827453
20111101,9898.4,9984.35,9782.7,9822.25,21290321
20111102,9739.1,9888.7,9726.75,9781.05,16921136
20111103,9743.85,9814.65,9648.65,9782.5,17560298
20111104,9887.9,9914.1,9808.1,9836.35,14169428
20111108,9855.95,9893.95,9732.85,9852.55,15103668
20111109,9896.15,9896.15,9565.1,9592.65,25057938
20111111,9553.0,9571.85,9270.35,9292.55,25502963
20111114,9416.35,9458.35,9254.3,9275.0,17017201
20111115,9254.75,9308.5,9062.4,9085.7,16739270
20111116,9055.6,9145.65,8957.05,9061.55,18300982
20111117,9049.3,9124.9,8899.65,8930.9,16656129
20111118,8867.8,8872.65,8706.0,8850.25,22133395
20111121,8806.7,8806.7,8522.3,8554.15,15843092
20111122,8603.85,8698.2,8544.05,8611.7,22314227
20111123,8556.4,8556.4,8240.45,8399.3,24733324
20111124,8412.55,8504.4,8276.75,8472.5,28235534
20111125,8438.2,8558.6,8360.55,8488.6,21107951
20111128,8598.7,8809.95,8598.7,8793.15,18656087
20111129,8824.55,8843.9,8587.45,8623.9,23168441
20111130,8529.05,8704.1,8490.35,8564.1,57136054
20111201,8872.8,9033.85,8821.5,8895.3,23991053
20111202,8924.15,9200.65,8859.65,9172.75,21702819
20111205,9154.9,9215.4,9073.8,9173.75,16655348
20111207,9235.35,9273.1,9133.55,9176.25,20647601
20111208,9126.45,9153.4,8871.25,8915.7,21155533
20111209,8786.35,8932.0,8689.85,8811.1,22774569
20111212,8900.9,8920.25,8504.45,8543.4,20338446
20111213,8475.85,8642.35,8393.3,8571.95,22762016
20111214,8549.55,8696.9,8482.95,8533.0,26658191
20111215,8449.45,8509.5,8375.65,8445.1,23933746
20111216,8482.25,8602.8,8127.2,8171.9,31989623
20111219,8122.25,8122.25,7801.55,7920.75,31040733
20111220,7948.45,7961.7,7766.35,7798.55,25526248
20111221,7999.0,8235.65,7936.0,8189.15,26632166
20111222,8106.2,8415.7,8064.15,8384.65,27181608
20111223,8406.2,8451.95,8253.45,8296.45,17995378
20111226,8301.35,8420.2,8292.65,8374.55,9804349
20111227,8348.55,8365.75,8223.85,8275.5,11580410
20111228,8256.1,8256.1,8053.15,8111.4,13984137
20111229,8050.3,8137.4,7986.75,8027.4,22340253
20111230,8073.2,8120.15,7925.15,7968.65,14642061
20120102,8009.85,8028.45,7888.25,7995.05,11150446
20120103,8072.8,8356.35,8072.8,8340.3,15173925
20120104,8388.95,8453.4,8294.35,8408.4,18615663
20120105,8421.5,8516.15,8394.25,8454.9,17610352
20120106,8397.35,8586.65,8297.55,8488.25,15324661
20120107,8471.15,8480.4,8436.45,8452.8,1106863
20120109,8450.4,8517.8,8329.9,8481.35,13642815
20120110,8535.65,8748.8,8535.65,8735.05,18587632
20120111,8758.25,8858.95,8736.25,8839.7,18531642
20120112,8831.45,9015.25,8830.25,8930.25,21973553
20120113,8989.9,9073.0,8913.95,8975.05,18860088
20120116,8913.25,8967.95,8813.85,8940.25,15090056
20120117,9013.65,9114.45,9011.8,9056.7,17388476
20120118,9067.35,9067.35,8922.7,9023.4,18615917
20120119,9106.8,9212.85,9106.8,9199.4,16110623
20120120,9291.15,9560.15,9268.5,9516.85,31779664
20120123,9503.1,9659.0,9503.1,9520.3,18003400
20120124,9536.05,9885.15,9456.25,9834.0,42941539
20120125,9871.95,9905.5,9762.5,9856.6,37155439
20120127,9969.25,9969.25,9701.5,9813.65,28981711
20120130,9741.25,9741.25,9509.15,9537.1,18544390
20120131,9625.7,9946.5,9625.7,9919.45,28091336
20120201,9941.9,9967.45,9762.0,9949.1,26646836
20120202,10013.0,10090.2,9776.55,9992.05,36125570
20120203,9992.0,10159.0,9928.45,10133.7,23009280
20120206,10219.6,10331.2,10183.5,10269.2,28798444
20120207,10368.5,10429.7,10260.2,10324.6,22050339
20120208,10308.2,10401.7,10208.5,10320.1,41345418
20120209,10267.2,10546.4,10267.2,10507.6,22657158
20120210,10482.2,10555.0,10344.2,10442.7,22694434
20120213,10451.1,10532.8,10335.7,10473.6,22813307
20120214,10449.5,10606.8,10449.1,10556.7,20459428
20120215,10633.7,10959.5,10633.2,10930.7,27370860
20120216,10896.0,10940.8,10780.0,10921.9,21032299
20120217,11042.8,11203.3,11013.0,11074.9,25647726
20120221,11042.6,11207.0,11042.6,11170.4,21205502
20120222,11160.4,11226.8,10714.0,10747.2,28065378
20120223,10693.8,10852.7,10621.8,10713.3,31530836
20120224,10691.8,10759.0,10435.5,10506.8,23993670
20120227,10527.7,10527.7,10073.9,10104.0,22817004
20120228,10180.0,10561.7,10178.8,10484.0,28033722
20120229,10561.8,10667.3,10340.8,10414.2,29448672
20120301,10385.2,10385.2,10160.2,10288.9,18747802
20120302,10337.7,10584.2,10192.8,10434.3,23770792
20120303,10435.5,10486.2,10435.5,10450.2,1035896
20120305,10406.8,10406.8,10152.1,10178.8,17289248
20120306,10149.8,10438.0,10020.5,10058.2,26227151
20120307,10030.2,10169.5,9939.95,10132.8,19809542
20120309,10286.8,10526.5,10286.8,10505.7,19796536
20120312,10766.0,10786.5,10543.2,10625.7,23804609
20120313,10707.9,10765.7,10671.5,10686.2,15278470
20120314,10820.4,10912.0,10768.7,10889.7,22896721
20120315,10894.5,10894.5,10556.4,10595.0,19707900
20120316,10607.8,10832.3,10348.0,10391.3,23931870
20120319,10440.8,10440.8,10135.2,10188.8,16950264
20120320,10183.0,10369.2,10137.8,10281.6,16683621
20120321,10238.7,10562.0,10217.5,10524.5,17758281
20120322,10525.0,10583.8,10135.8,10173.5,18653652
20120323,10249.8,10404.2,10125.8,10294.5,16594155
20120326,10260.2,10263.1,10013.0,10043.5,16220393
20120327,10171.9,10247.0,9967.55,10148.8,26405765
20120328,10122.0,10122.0,9901.2,9960.4,21178400
20120329,9859.25,9988.55,9845.4,9927.65,37262740
20120330,9984.8,10248.0,9981.9,10212.8,20687932
20120402,10186.8,10321.8,10181.0,10305.3,11953512
20120403,10381.0,10502.7,10376.0,10432.6,15118353
20120404,10345.2,10371.8,10268.0,10340.1,10494794
20120409,10256.7,10256.7,10113.8,10131.6,9059392
20120410,10169.2,10209.9,10077.0,10196.0,13411560
20120411,10117.2,10309.8,10060.7,10214.2,18091133
20120412,10250.7,10432.8,10250.7,10400.7,18998132
20120413,10478.2,10588.0,10235.7,10306.2,18093614
20120416,10274.2,10448.0,10274.2,10432.7,17248597
20120417,10502.7,10621.9,10248.5,10519.5,28789207
20120418,10585.5,10645.8,10479.5,10512.5,14516136
20120419,10537.0,10594.9,10438.7,10567.9,16428035
20120420,10538.3,10577.5,10387.0,10456.5,15316600
20120423,10432.6,10521.5,10206.9,10243.2,16982751
20120424,10275.5,10287.9,10151.8,10215.2,14901869
20120425,10215.8,10277.8,10043.7,10159.8,18511578
20120426,10171.8,10193.9,10083.5,10128.0,25244593
20120427,10146.1,10249.2,10029.5,10148.7,30892413
20120428,10199.0,10232.1,10175.3,10212.7,1438973
20120430,10210.1,10360.5,10210.1,10276.8,18097054
20120502,10282.7,10382.3,10278.5,10306.6,14061741
20120503,10231.7,10255.8,10100.2,10126.5,19322990
20120504,10063.5,10068.7,9757.75,9802.35,25485935
20120507,9664.85,9910.7,9480.5,9876.35,26921944
20120508,9909.4,9924.15,9526.65,9588.75,19242393
20120509,9517.0,9572.35,9340.45,9404.8,26608956
20120510,9411.75,9580.4,9362.1,9410.9,25688161
20120511,9353.45,9532.65,9296.65,9398.1,18132039
20120514,9412.6,9498.8,9190.3,9257.65,18464746
20120515,9186.45,9361.45,9166.1,9319.7,19413813
20120516,9184.45,9208.15,9047.05,9164.25,24476780
20120517,9199.5,9328.5,9113.65,9154.2,19257537
20120518,9013.1,9364.7,8995.25,9310.25,27484513
20120521,9299.9,9478.95,9299.9,9412.0,18434691
20120522,9510.45,9522.3,9253.05,9268.8,20800522
20120523,9237.35,9295.65,9157.2,9209.9,16691558
20120524,9277.25,9463.7,9198.75,9437.6,17715047
20120525,9422.45,9497.0,9371.55,9456.3,17859927
20120528,9483.1,9716.5,9483.1,9698.3,15850786
20120529,9734.85,9783.45,9687.65,9708.1,16032577
20120530,9642.2,9642.2,9514.25,9534.05,14072840
20120531,9414.35,9479.35,9360.05,9441.0,35010613
20120601,9434.45,9493.25,9252.6,9267.6,18392465
20120604,9174.55,9406.25,9110.45,9362.3,16540800
20120605,9433.25,9545.5,9400.35,9460.15,17377468
20120606,9519.0,9770.65,9519.0,9742.8,25844119
20120607,9830.5,9974.7,9787.95,9950.9,22840353
20120608,9969.55,10031.2,9809.95,9998.85,19700713
20120611,10070.2,10157.8,9934.05,9969.2,17006901
20120612,9899.45,10156.4,9893.35,10139.2,18716982
20120613,10150.0,10224.5,10075.2,10128.2,18300321
20120614,10073.5,10096.8,9813.65,9836.95,16594461
20120615,9881.4,10098.9,9881.4,10064.8,17343223
20120618,10178.8,10197.8,9695.6,9749.9,24629281
20120619,9730.0,9808.0,9619.15,9786.45,19759603
20120620,9812.85,9875.65,9764.45,9831.8,15051818
20120621,9795.95,10046.9,9769.3,10033.7,17716444
20120622,9907.35,10073.5,9873.85,10038.3,15789476
20120625,10068.9,10193.5,9892.8,9925.75,15992092
20120626,9914.8,10024.7,9901.85,9970.1,12816544
20120627,10025.5,10109.7,9988.5,10017.8,15644360
20120628,10023.9,10052.2,9950.1,10003.8,49485065
20120629,10105.5,10360.0,10105.5,10340.7,21539969
20120702,10366.5,10450.3,10303.7,10412.2,17585816
20120703,10460.0,10544.3,10444.3,10481.3,18408890
20120704,10522.4,10548.9,10482.8,10529.5,17847738
20120705,10520.0,10651.2,10468.8,10641.9,17941819
20120706,10638.0,10687.9,10547.3,10655.3,18896898
20120709,10595.0,10635.9,10524.8,10588.0,16270623
20120710,10617.0,10767.2,10615.3,10751.5,20526561
20120711,10701.6,10782.5,10693.0,10713.3,18954956
20120712,10640.2,10676.0,10557.3,10616.3,13933746
20120713,10654.9,10715.2,10568.8,10594.5,12345028
20120716,10614.1,10692.8,10552.7,10568.2,13922193
20120717,10648.7,10673.5,10519.0,10558.0,14067717
20120718,10569.0,10629.2,10498.6,10607.1,15783765
20120719,10684.4,10708.6,10606.6,10622.0,17796956
20120720,10622.8,10622.8,10463.4,10481.6,13231509
20120723,10401.7,10402.2,10254.0,10274.6,12619241
20120724,10282.7,10349.5,10237.2,10299.0,13191279
20120725,10286.5,10315.4,10224.8,10267.8,15459876
20120726,10306.5,10314.0,10056.2,10083.8,28163949
20120727,10256.2,10401.7,10102.8,10140.5,36508487
20120730,10222.5,10427.0,10222.5,10412.2,26314091
20120731,10462.8,10468.0,10239.7,10384.1,26427541
20120801,10347.8,10445.2,10324.6,10419.9,16176280
20120802,10409.0,10417.5,10310.8,10379.6,12871488
20120803,10312.8,10336.2,10209.2,10315.6,17024239
20120806,10426.8,10501.5,10426.8,10462.4,16993490
20120807,10499.7,10616.9,10463.5,10592.0,19069873
20120808,10621.0,10640.8,10511.3,10529.2,15050948
20120809,10572.4,10614.2,10425.2,10445.9,17571204
20120810,10427.3,10449.2,10272.0,10359.0,28011924
20120813,10339.2,10415.2,10284.0,10401.3,19607649
20120814,10411.5,10547.1,10388.0,10519.2,17236797
20120816,10538.0,10551.0,10405.7,10426.8,14740860
20120817,10425.8,10505.8,10354.7,10417.9,13918692
20120821,10436.8,10484.5,10353.8,10469.5,14490210
20120822,10414.0,10533.7,10401.8,10472.2,13301832
20120823,10508.8,10560.8,10413.3,10457.7,15610245
20120824,10404.5,10412.2,10318.5,10332.8,15425039
20120827,10338.2,10338.2,10134.4,10150.4,14231734
20120828,10150.0,10151.3,10022.8,10059.4,17970575
20120829,10077.4,10127.0,9998.1,10011.9,14285228
20120830,9978.2,10130.9,9959.05,10085.2,25221525
20120831,10037.0,10131.0,9948.7,9990.5,19255853
20120903,10030.8,10082.5,9941.5,9963.0,13618805
20120904,9967.45,10033.0,9916.85,10020.7,13479715
20120905,9965.0,9976.4,9814.05,9827.9,22501858
20120906,9846.55,9947.45,9831.35,9893.15,16506436
20120907,10047.2,10134.8,10036.5,10122.0,21270702
20120908,10127.6,10162.2,10127.6,10147.0,1030481
20120910,10153.8,10181.8,10041.2,10069.8,11634153
20120911,10020.8,10154.2,10006.5,10135.9,13466599
20120912,10176.5,10224.0,10109.6,10183.5,14266761
20120913,10213.8,10259.4,10171.2,10207.8,13515085
20120914,10408.2,10664.5,10408.2,10642.9,38851347
20120917,10797.1,11045.5,10797.1,10981.7,45643563
20120918,10950.0,11065.0,10922.7,11043.5,28072238
20120920,10907.7,11031.8,10887.0,10920.8,27523730
20120921,10973.2,11433.1,10973.2,11358.5,40748000
20120924,11359.3,11533.8,11359.3,11423.5,32933595
20120925,11450.5,11517.7,11321.2,11420.8,28715123
20120926,11385.7,11441.0,11322.2,11427.2,21363662
20120927,11466.2,11490.2,11378.3,11419.5,27637249
20120928,11486.5,11536.8,11437.9,11456.8,20066178
20121001,11462.1,11466.0,11366.4,11420.5,13624625
20121003,11440.2,11471.8,11361.7,11415.0,18410115
20121004,11460.2,11685.5,11460.2,11636.0,20856899
20121005,11745.2,11745.2,10043.6,11511.4,24032822
20121008,11530.7,11530.7,11342.8,11362.2,15284170
20121009,11442.8,11528.3,11373.7,11446.1,12457268
20121010,11380.2,11380.2,11271.2,11291.5,13858844
20121011,11334.9,11477.0,11244.7,11431.3,23060664
20121012,11469.2,11527.2,11372.1,11388.5,16212604
20121015,11397.7,11454.8,11288.4,11441.8,10661530
20121016,11495.5,11508.5,11328.2,11348.0,16854288
20121017,11417.1,11425.5,11302.9,11358.2,12578919
20121018,11406.5,11594.6,11364.2,11586.3,20705113
20121019,11539.0,11605.7,11424.2,11491.2,16019224
20121022,11422.1,11619.2,11419.4,11607.4,15917769
20121023,11605.8,11656.8,11534.5,11578.2,17408717
20121025,11542.3,11643.4,11542.3,11614.5,25243414
20121026,11580.8,11631.2,11468.2,11509.2,22956738
20121029,11506.5,11585.8,11432.0,11472.2,18025799
20121030,11467.2,11600.0,11173.8,11203.0,28170912
20121031,11205.0,11290.0,11125.2,11268.8,14876136
20121101,11266.5,11349.4,11230.2,11315.0,11943617
20121102,11450.7,11477.5,11394.2,11460.5,26219173
20121105,11449.7,11489.3,11401.3,11475.2,11184845
20121106,11428.0,11568.5,11428.0,11539.0,14244357
20121107,11545.3,11719.1,11519.6,11665.5,21617945
20121108,11561.3,11638.0,11533.3,11613.5,13787952
20121109,11608.8,11663.9,11427.2,11475.6,19604506
20121112,11488.1,11608.8,11462.3,11583.8,15428653
20121113,11585.3,11598.2,11513.4,11533.9,2504897
20121115,11493.1,11530.2,11419.0,11521.4,13583244
20121116,11487.5,11537.2,11306.0,11335.5,13780382
20121119,11342.7,11378.2,11256.4,11307.0,11207437
20121120,11374.0,11409.8,11269.7,11318.3,14734331
20121121,11352.2,11477.3,11303.8,11465.3,15898274
20121122,11497.3,11570.8,11495.0,11508.3,13754016
20121123,11540.6,11549.0,11392.0,11475.8,10848603
20121126,11534.2,11534.2,11411.1,11432.5,10227442
20121127,11502.2,11663.5,11502.2,11657.4,21560134
20121129,11706.9,12035.4,11703.2,11992.8,32109553
20121130,12082.5,12175.3,12001.2,12158.9,25464482
20121203,12126.6,12165.7,12053.5,12103.9,16419409
20121204,12092.8,12215.5,12075.9,12197.2,15645716
20121205,12240.8,12314.8,12219.3,12281.6,15888429
20121206,12358.3,12480.6,12142.6,12427.5,17741528
20121207,12462.4,12477.8,12305.7,12363.7,19816879
20121210,12380.0,12409.8,12341.2,12381.7,17825543
20121211,12419.0,12538.9,12238.0,12344.6,19636674
20121212,12374.7,12385.5,12271.3,12301.7,16210115
20121213,12337.3,12438.8,12251.0,12269.2,15851392
20121214,12247.2,12447.3,12242.8,12424.7,18401284
20121217,12403.7,12462.2,12402.7,12427.5,16692865
20121218,12455.7,12522.7,12197.2,12477.2,23383919
20121219,12514.0,12571.6,12455.5,12510.2,19306782
20121220,12514.6,12514.6,12385.1,12486.5,14902530
20121221,12423.6,12432.2,12288.9,12315.0,17029277
20121224,12363.8,12366.2,12265.8,12317.7,11707012
20121226,12350.2,12519.0,12304.7,12479.5,10972152
20121227,12516.0,12523.5,12436.7,12459.7,18249505
20121228,12494.2,12494.2,12394.2,12458.2,11781775
20121231,12442.8,12512.7,12427.7,12474.2,11478822
20130101,12550.0,12663.5,12547.2,12654.2,14463771
20130102,12748.8,12811.5,12748.8,12786.8,19173502
20130103,12828.3,12837.8,12722.5,12778.2,15299267
20130104,12774.8,12801.7,12684.7,12787.3,14247498
20130107,12837.5,12837.5,12682.8,12708.7,15376488
20130108,12693.6,12744.0,12632.3,12725.5,16161747
20130109,12724.4,12791.7,12688.0,12718.0,20803137
20130110,12775.2,12822.8,12697.8,12802.2,17945198
20130111,12832.5,12834.5,12582.7,12617.8,16288008
20130114,12622.0,12773.3,12609.9,12758.8,18865385
20130115,12766.5,12908.2,12718.4,12855.4,22098913
20130116,12836.2,12836.2,12616.2,12638.5,23353202
20130117,12608.8,12714.6,12583.3,12649.6,18933829
20130118,12688.2,12778.3,12624.4,12680.0,22876791
20130121,12678.0,12690.4,12608.5,12651.3,13806896
20130122,12640.4,12749.0,12544.4,12574.3,17986055
20130123,12635.2,12696.0,12509.5,12635.2,14130436
20130124,12624.5,12662.8,12534.2,12561.4,17182091
20130125,12575.8,12717.9,12535.8,12693.2,17898549
20130128,12705.8,12822.0,12698.8,12781.3,22657045
20130129,12804.4,12960.7,12685.9,12722.8,43090691
20130130,12754.8,12825.7,12726.7,12767.5,25435210
20130131,12741.3,12852.5,12688.8,12708.6,41354110
20130201,12718.5,12743.2,12580.8,12606.2,20519284
20130204,12656.8,12723.3,12515.3,12548.3,23395065
20130205,12426.5,12501.5,12415.2,12467.8,18651379
20130206,12525.4,12525.4,12396.8,12417.7,16879575
20130207,12372.5,12474.5,12305.5,12349.3,16832786
20130208,12341.5,12389.8,12246.0,12280.2,22965236
20130211,12298.1,12361.1,12273.7,12333.0,20471045
20130212,12331.4,12415.8,12301.7,12405.2,16994498
20130213,12425.0,12486.0,12361.9,12385.1,17581132
20130214,12400.7,12434.0,12284.5,12311.3,22406606
20130215,12284.5,12373.2,12256.8,12336.5,14358193
20130218,12353.0,12399.8,12329.3,12347.2,11671784
20130219,12347.5,12426.9,12303.7,12413.7,9960467
20130220,12460.4,12470.7,12351.7,12363.7,10674764
20130221,12295.2,12301.2,12036.5,12055.5,16289435
20130222,12024.4,12139.7,12024.4,12069.0,13752598
20130225,12120.0,12137.8,11961.5,12037.3,13701707
20130226,11995.0,11995.0,11808.8,11844.8,13359058
20130227,11882.7,11971.3,11838.3,11930.5,18069301
20130228,12007.0,12041.5,11401.2,11487.3,39740515
20130301,11533.0,11592.5,11458.7,11540.0,24522445
20130304,11515.4,11602.5,11453.1,11575.6,18066252
20130305,11642.8,11814.0,11623.7,11792.0,19445089
20130306,11871.5,11904.2,11822.3,11876.2,18382872
20130307,11829.2,11989.8,11819.6,11970.2,13249458
20130308,12008.8,12219.5,12008.8,12197.2,17634980
20130311,12221.5,12241.3,12130.2,12165.4,15993891
20130312,12150.7,12183.5,11970.9,12054.5,14228530
20130313,11989.5,11989.5,11754.3,11777.5,13076952
20130314,11772.5,12058.5,11555.5,12020.8,29589366
20130315,11972.8,12035.0,11749.8,11816.5,24765510
20130318,11679.3,11810.4,11625.6,11735.5,18870261
20130319,11796.2,11814.8,11416.8,11508.0,29131782
20130320,11491.8,11491.8,11231.8,11254.8,19888236
20130321,11285.7,11512.1,11209.7,11238.3,27651331
20130322,11275.5,11331.2,11173.3,11204.0,24270944
20130325,11327.4,11372.8,11098.0,11125.7,21007738
20130326,11067.3,11198.5,11048.4,11163.5,17353676
20130328,11189.0,11413.2,11080.0,11361.8,26155709
20130401,11415.0,11460.6,11330.8,11425.5,11678537
20130402,11430.8,11548.0,11361.2,11523.4,14137032
20130403,11512.8,11590.6,11283.4,11344.1,18106112
20130404,11243.2,11254.2,11105.1,11126.2,17806888
20130405,11120.2,11168.2,11021.4,11099.0,19214638
20130408,11075.8,11133.8,11002.1,11012.7,14363229
20130409,11085.8,11210.3,10897.2,10929.2,19808530
20130410,11009.5,11143.6,10888.8,11122.2,21977363
20130411,11220.5,11341.8,11154.0,11306.5,25146062
20130412,11239.2,11442.9,11236.0,11410.1,18205635
20130415,11358.0,11643.3,11334.8,11526.2,21163881
20130416,11517.9,11906.2,11515.3,11871.6,22700010
20130417,11924.7,12112.2,11914.0,11981.0,26760743
20130418,11902.5,12313.0,11892.0,12288.2,24912765
20130422,12317.4,12638.0,12317.4,12576.2,25782479
20130423,12601.0,12605.7,12333.0,12543.4,22118453
20130425,12632.2,12755.8,12611.5,12726.8,31048894
20130426,12679.3,12679.9,12470.0,12533.2,19407513
20130429,12560.3,12661.2,12508.4,12609.2,16867722
20130430,12638.0,12658.6,12402.2,12561.5,17325846
20130502,12554.7,12783.3,12552.8,12710.0,21532480
20130503,12678.9,12678.9,12364.7,12393.6,25114206
20130506,12358.3,12436.0,12188.3,12396.4,15277090
20130507,12404.5,12649.5,12404.5,12631.5,16629627
20130508,12662.1,12694.4,12514.7,12643.0,14575548
20130509,12663.8,12718.9,12541.8,12596.3,27927009
20130510,12580.4,12783.0,12580.4,12752.3,19212360
20130511,12730.3,12811.2,12730.3,12780.2,1303016
20130513,12760.5,12865.3,12546.2,12568.8,19718342
20130514,12567.5,12698.3,12516.1,12583.6,13920967
20130515,12646.3,13099.3,12646.3,13077.9,27195970
20130516,13022.2,13281.8,13022.2,13239.5,21488886
20130517,13227.8,13355.1,13116.8,13317.1,18091089
20130520,13332.7,13414.3,13150.3,13181.5,15518644
20130521,13182.2,13268.2,13038.0,13066.5,15732230
20130522,13105.1,13175.7,12932.2,13008.2,14204492
20130523,12907.9,12944.0,12594.9,12636.5,23749398
20130524,12756.3,12828.6,12582.5,12769.3,16871079
20130527,12751.5,13014.8,12735.0,12961.5,16714040
20130528,12951.4,13016.5,12872.9,12950.0,14080206
20130529,12931.3,12931.3,12773.4,12853.2,12196863
20130530,12738.2,12829.5,12721.5,12805.9,24654363
20130531,12734.3,12760.5,12453.2,12475.7,20470180
20130603,12453.4,12499.8,12323.6,12402.1,14657950
20130604,12401.7,12520.5,12252.4,12275.1,12693329
20130605,12252.0,12347.3,12196.8,12289.3,14839954
20130606,12225.3,12475.0,12184.0,12398.4,15573395
20130607,12347.5,12488.6,12209.2,12231.5,16644927
20130610,12292.7,12363.8,12017.9,12087.0,13702368
20130611,12007.8,12031.9,11795.5,11820.5,22478487
20130612,11791.1,11899.0,11732.3,11814.8,20252767
20130613,11693.9,11793.3,11656.9,11686.8,15788039
20130614,11827.3,11947.3,11803.8,11922.8,19466747
20130617,11928.3,11993.0,11735.2,11971.0,18764513
20130618,11946.2,11951.0,11795.2,11821.0,15617409
20130619,11798.7,11867.2,11738.7,11852.7,13690983
20130620,11677.3,11677.3,11347.5,11375.4,23903329
20130621,11323.3,11420.2,11210.8,11340.2,27180620
20130624,11272.2,11275.4,11134.2,11178.3,19857990
20130625,11213.1,11325.5,11107.8,11181.0,29636216
20130626,11211.0,11261.7,11033.8,11066.5,20644791
20130627,11225.5,11277.0,11164.8,11235.8,27443073
20130628,11367.2,11654.7,11367.2,11617.2,25527065
20130701,11597.5,11733.1,11597.5,11714.9,15760165
20130702,11704.0,11752.9,11590.5,11614.2,16195026
20130703,11500.3,11505.8,11322.8,11357.8,20685004
20130704,11389.7,11454.3,11273.6,11381.2,24263969
20130705,11485.8,11530.7,11418.0,11434.3,15515391
20130708,11328.2,11328.2,11176.7,11283.3,17371280
20130709,11365.2,11458.3,11353.0,11442.5,17127320
20130710,11477.5,11540.9,11317.2,11364.5,16540187
20130711,11542.0,11710.5,11542.0,11655.3,16770622
20130712,11733.0,11743.2,11589.5,11722.8,16006244
20130715,11678.9,11811.9,11621.8,11790.2,16069280
20130716,11459.4,11459.4,11209.8,11226.2,34536971
20130717,11264.0,11264.0,10829.8,10971.6,42534445
20130718,11033.5,11236.8,10837.8,11187.7,39850770
20130719,11223.8,11237.9,10934.2,10973.9,28778059
20130722,10948.4,11132.2,10948.4,11087.0,17830064
20130723,11218.8,11285.8,11195.0,11239.7,20127227
20130724,11018.0,11018.0,10661.3,10720.2,53956494
20130725,10667.0,10772.7,10594.6,10614.0,40830437
20130726,10701.2,10723.3,10353.0,10465.2,52076290
20130729,10451.8,10451.8,10310.7,10331.0,27018135
20130730,10339.1,10449.7,10195.5,10209.5,35138744
20130731,10164.7,10164.7,9863.05,10015.8,60228820
20130801,10130.1,10219.4,9867.6,10143.0,53399835
20130802,10162.2,10219.6,9958.4,9997.8,38760558
20130805,10031.3,10117.7,9818.5,10094.9,32459507
20130806,10013.6,10013.6,9660.3,9703.1,37590197
20130807,9713.45,9848.35,9667.55,9757.25,43422854
20130808,9780.55,9909.75,9724.8,9816.4,32947741
20130812,9849.85,9853.95,9669.1,9711.4,45689270
20130813,9666.55,10007.6,9582.55,9985.65,41036174
20130814,10010.2,10071.2,9912.35,10026.4,37464987
20130816,9887.9,9891.4,9420.15,9450.85,48448848
20130819,9425.5,9425.5,9087.0,9145.0,45770987
20130820,8939.2,9277.05,8860.15,9218.95,60849087
20130821,9652.0,9766.1,9129.25,9264.4,88354906
20130822,9194.85,9373.8,9005.25,9268.9,73295799
20130823,9322.8,9493.85,9215.85,9470.1,53547580
20130826,9529.7,9586.65,9294.05,9373.55,39800636
20130827,9208.15,9208.15,8842.5,8870.5,54297562
20130828,8729.25,8869.7,8366.75,8760.85,68036121
20130829,8897.0,8958.35,8759.85,8904.6,56814329
20130830,8891.9,9135.55,8846.55,9049.2,79306095
20130902,9112.8,9233.6,9086.75,9139.5,37748420
20130903,9220.95,9220.95,8625.4,8664.2,47745072
20130904,8688.65,8916.75,8605.65,8845.75,47968590
20130905,9253.45,9704.6,9253.45,9682.4,95347572
20130906,9746.65,9989.85,9568.5,9961.4,67680522
20130910,10084.0,10304.9,10084.0,10188.2,54667735
20130911,10112.7,10409.2,9980.5,10369.1,62590774
20130912,10338.3,10358.2,10071.0,10158.5,54840046
20130913,10067.2,10272.4,10037.3,10180.5,50632197
20130916,10418.5,10536.7,10175.0,10368.4,50013989
20130917,10320.8,10334.3,10224.0,10279.6,34206830
20130918,10327.2,10481.5,10242.0,10447.8,35045627
20130919,10984.5,11219.5,10984.5,11148.7,91510453
20130920,11164.0,11188.1,10409.8,10686.8,89815953
20130923,10466.3,10509.5,10177.9,10211.7,54757693
20130924,10063.0,10289.8,10046.7,10175.9,54962840
20130925,10191.8,10232.5,9919.7,10081.7,48260906
20130926,10091.4,10189.4,10051.2,10098.2,45278089
20130927,10131.7,10131.7,9883.95,9899.75,34271212
20130930,9783.9,9815.0,9587.75,9617.8,37041035
20131001,9685.15,9912.95,9582.75,9883.3,42985157
20131003,9946.3,10241.5,9888.7,10223.0,41745535
20131004,10171.5,10328.8,10111.8,10197.2,39283227
20131007,10124.2,10124.2,9877.45,10082.1,30274728
20131008,10418.8,10451.2,10090.6,10141.5,41846003
20131009,10004.4,10360.3,9947.25,10335.0,41708816
20131010,10309.2,10372.0,10199.5,10289.0,31795087
20131011,10423.6,10649.3,10307.9,10622.2,41438794
20131014,10589.0,10706.8,10550.0,10665.2,37489265
20131015,10738.2,10738.2,10339.1,10389.2,38032749
20131017,10406.0,10416.2,10274.3,10336.5,42007590
20131018,10387.3,10784.0,10387.3,10744.9,37464205
20131021,10751.7,10871.8,10700.5,10797.5,32770260
20131022,10743.8,10907.5,10707.8,10809.1,49088449
20131023,10837.0,10912.8,10732.3,10880.7,48996814
20131024,10839.5,11091.6,10839.5,10902.5,41760146
20131025,10880.8,10951.8,10797.6,10896.5,30352369
20131028,10924.5,11002.4,10752.3,10773.2,28172998
20131029,10779.7,11268.2,10669.0,11241.7,53630179
20131030,11284.8,11366.5,11211.5,11249.3,35825448
20131031,11211.3,11512.5,11170.0,11473.2,79514285
20131101,11472.2,11694.5,11443.6,11628.7,88547481
20131103,11678.7,11691.2,11582.7,11614.0,7221409
20131105,11539.8,11736.2,11462.1,11498.9,58827183
20131106,11510.4,11510.4,11270.0,11292.5,34778846
20131107,11320.8,11398.6,11024.8,11054.9,44216194
20131108,11011.0,11067.0,10841.6,10913.2,41959750
20131111,10786.2,10940.5,10674.5,10758.5,40181781
20131112,10755.7,10860.3,10543.2,10583.0,41554577
20131113,10469.1,10652.3,10412.0,10523.3,55024062
20131114,10660.7,10891.9,10660.7,10811.2,36309906
20131118,10962.2,11156.6,10962.2,11142.3,35564106
20131119,11159.0,11207.7,11107.3,11187.8,36556479
20131120,11127.3,11156.5,10905.5,10967.2,34278859
20131121,10866.3,10866.3,10657.8,10706.9,37510455
20131122,10796.5,10820.0,10630.5,10677.3,31664440
20131125,10780.6,11098.0,10780.6,11083.4,35908651
20131126,11040.7,11133.4,10893.3,10909.3,66596131
20131127,10941.6,10961.3,10827.8,10899.3,30064807
20131128,10994.2,11062.2,10843.0,10906.8,30946854
20131129,10941.6,11186.2,10941.6,11154.0,31900370
20131202,11180.3,11347.5,11180.3,11284.3,25882581
20131203,11250.7,11310.7,11174.5,11211.3,24262085
20131204,11158.7,11216.0,11107.8,11156.8,27829737
20131205,11469.3,11685.5,11469.3,11665.1,55085073
20131206,11648.3,11770.7,11579.5,11720.2,39336932
20131209,12207.0,12226.0,12007.3,12065.9,45077157
20131210,12041.0,12067.5,11775.0,11843.5,37393760
20131211,11747.5,11877.8,11687.6,11784.3,28285223
20131212,11736.2,11781.7,11622.7,11635.5,26796769
20131213,11483.8,11534.3,11349.8,11366.9,29829668
20131216,11347.2,11440.8,11309.7,11373.0,25578216
20131217,11412.7,11418.1,11178.0,11208.7,25523667
20131218,11129.7,11572.3,11117.5,11357.9,49401030
20131219,11505.5,11505.5,11040.2,11087.5,32128379
20131220,11117.7,11318.5,11074.5,11292.3,24691469
20131223,11258.7,11453.5,11258.7,11378.5,27366479
20131224,11399.2,11405.0,11287.3,11330.7,23579514
20131226,11335.8,11426.5,11317.5,11385.8,30304289
20131227,11409.2,11514.5,11409.2,11459.7,21147938
20131230,11532.6,11552.4,11355.0,11376.0,18523308
20131231,11410.2,11427.8,11316.5,11385.2,16678888
20140101,11418.9,11432.5,11361.0,11385.6,12087962
20140102,11383.8,11578.9,11150.2,11183.2,39939709
20140103,11098.2,11208.0,11052.6,11181.7,28242636
20140106,11174.3,11174.3,10997.0,11049.0,20454821
20140107,11097.8,11154.1,10892.2,11036.8,30270290
20140108,11071.8,11122.8,10988.8,11053.7,33422331
20140109,11068.9,11090.2,10925.2,10970.5,29447231
20140110,10969.3,11056.9,10788.2,10805.3,35861244
20140113,10814.7,11070.2,10814.7,11021.6,26061661
20140114,10989.2,11065.7,10922.6,10948.9,21566170
20140115,11000.2,11164.1,10986.1,11125.4,35896833
20140116,11187.3,11192.8,11070.0,11092.5,22843262
20140117,11080.1,11082.0,10893.8,10911.3,30586938
20140120,10909.9,11022.5,10876.2,11007.5,17586613
20140121,11067.0,11190.1,11036.4,11171.5,22364823
20140122,11164.2,11248.3,11094.8,11207.3,21618052
20140123,11183.8,11221.1,11122.3,11199.0,21112012
20140124,11063.2,11132.7,10972.1,10982.4,26145529
20140127,10802.3,10802.3,10520.9,10540.4,37240325
20140128,10541.5,10708.0,10333.4,10507.6,46674753
20140129,10609.9,10644.2,10407.0,10437.8,27896577
20140130,10287.8,10314.2,10101.2,10153.2,47851105
20140131,10193.5,10266.5,10130.3,10237.8,44121844
20140203,10205.5,10222.7,10089.2,10102.1,30407535
20140204,9983.65,10222.1,9944.0,10191.2,35509598
20140205,10215.7,10254.0,10112.5,10231.7,27701842
20140206,10257.1,10321.5,10107.8,10205.2,34755087
20140207,10312.0,10321.1,10180.8,10263.2,23139510
20140210,10287.3,10310.3,10187.8,10213.9,17969925
20140211,10242.1,10296.8,10200.6,10245.5,15230792
20140212,10307.6,10395.2,10307.6,10348.8,24104934
20140213,10360.7,10386.7,10113.8,10135.7,25803512
20140214,10169.0,10229.5,10064.8,10203.8,28283283
20140217,10217.2,10358.0,10205.8,10326.5,19999024
20140218,10324.3,10618.8,10296.2,10575.2,26093289
20140219,10548.3,10630.2,10520.3,10609.6,20190914
20140220,10515.3,10525.7,10419.1,10428.3,24221257
20140221,10429.3,10584.8,10429.3,10554.3,16427772
20140224,10509.0,10711.7,10471.5,10683.5,21312164
20140225,10742.2,10769.0,10611.8,10666.8,19064654
20140226,10659.2,10758.7,10659.2,10730.4,20144486
20140228,10793.6,10793.6,10689.0,10764.7,23184235
20140303,10705.5,10836.2,10613.0,10652.0,24141977
20140304,10661.4,10936.8,10661.4,10929.0,36108273
20140305,10987.6,11122.5,10899.4,11098.8,46407057
20140306,11147.6,11303.2,11117.2,11278.3,37215879
20140307,11357.9,11947.5,11332.6,11884.8,70896451
20140310,11784.5,12157.9,11784.5,12108.1,60334008
20140311,12132.0,12285.5,11994.8,12043.2,55513776
20140312,11997.8,12142.9,11887.8,12024.1,33138239
20140313,12062.3,12308.7,12062.3,12141.5,34350461
20140314,11984.5,12090.0,11867.2,12055.8,34689267
20140318,12093.2,12268.8,12052.3,12114.8,38152081
20140319,12190.8,12256.5,12132.4,12186.5,33279656
20140320,12160.7,12160.7,11990.0,12017.2,22772243
20140321,12083.5,12123.2,12043.4,12092.3,33487353
20140322,12111.8,12111.8,12061.7,12075.8,1617161
20140324,12134.7,12423.0,12134.7,12408.2,30968785
20140325,12403.7,12523.7,12394.3,12450.0,24970542
20140326,12529.5,12570.6,12469.2,12518.3,36244903
20140327,12560.9,12767.5,12513.1,12605.0,55372139
20140328,12693.2,12787.5,12633.3,12754.7,40065910
20140331,12855.5,12869.3,12660.0,12742.0,38117571
20140401,12806.2,12806.2,12510.0,12588.5,34822334
20140402,12674.3,12740.2,12542.3,12715.3,38599263
20140403,12749.8,12754.8,12518.0,12563.8,35361526
20140404,12523.3,12656.5,12430.8,12551.7,29591726
20140407,12562.3,12615.3,12439.5,12506.5,27570018
20140409,12593.2,12957.5,12548.5,12937.4,40087907
20140410,12937.4,13055.6,12881.2,12949.4,38376381
20140411,12822.2,12934.9,12778.0,12840.2,24950117
20140415,12830.5,12831.6,12537.7,12579.9,27141605
20140416,12557.4,12727.0,12514.8,12563.2,30570767
20140417,12564.5,12819.1,12514.8,12787.2,32613346
20140421,12845.3,13002.8,12838.8,12958.5,30119863
20140422,12989.5,13040.2,12913.9,12987.1,24792710
20140423,12961.3,13176.0,12957.9,13122.1,49608481
20140425,13134.5,13268.6,12968.8,13034.5,40059121
20140428,13039.0,13116.0,12927.8,13081.5,29680628
20140429,13107.5,13124.3,12897.3,12910.5,28067630
20140430,12946.1,13100.8,12738.6,12855.8,41073880
20140502,12920.3,12995.6,12818.8,12842.0,19439904
20140505,12841.4,12981.6,12773.0,12880.7,32996950
20140506,12961.5,13012.5,12917.2,12966.0,24624097
20140507,12944.9,13017.0,12877.8,12938.2,25758927
20140508,12982.8,13095.5,12952.5,13037.4,23548844
20140509,13023.4,13814.2,13017.9,13750.5,50618692
20140512,13801.0,14152.5,13801.0,14085.0,44359640
20140513,14269.2,14367.8,14105.7,14165.5,62513365
20140514,14124.5,14320.8,14063.6,14207.1,55148350
20140515,14186.1,14301.3,14159.1,14236.5,55346268
20140516,14675.6,15742.0,14468.1,14853.0,103892859
20140519,15032.0,15305.7,15032.0,15222.2,57768093
20140520,15351.7,15362.5,15087.7,15111.2,46750328
20140521,15126.6,15126.6,14857.5,14952.1,36914763
20140522,15009.9,15204.5,14938.2,15055.5,37475269
20140523,15091.7,15321.2,14972.6,15285.5,53883369
20140526,15432.0,15568.0,14969.2,15175.9,52767590
20140527,15141.5,15158.4,14935.0,15084.0,30637314
20140528,15075.6,15198.3,15032.5,15173.3,26975575
20140529,15169.2,15254.5,15007.5,15030.3,44813466
20140530,15093.1,15108.8,14709.3,14793.4,43255344
20140602,14786.5,15321.8,14770.0,15287.2,33470475
20140603,15335.8,15414.0,15148.5,15257.5,36314744
20140604,15221.3,15396.9,15171.2,15333.4,32577215
20140605,15250.6,15337.2,15152.4,15282.2,34685137
20140606,15405.8,15576.0,15320.8,15543.2,39719688
20140609,15625.4,15725.8,15522.8,15567.4,41916584
20140610,15585.4,15585.4,15337.8,15427.8,30467964
20140611,15436.0,15660.0,15367.6,15450.5,40211297
20140612,15456.2,15518.8,15293.4,15464.8,26800324
20140613,15506.8,15599.8,15083.9,15106.9,33036708
20140616,15055.2,15091.3,14858.9,15030.0,32728056
20140617,14982.3,15393.8,14933.2,15373.2,36260412
20140618,15369.5,15461.5,15128.5,15220.4,36076242
20140619,15282.0,15332.8,14976.2,15067.4,26241549
20140620,15064.5,15195.5,14978.5,14997.7,21875260
20140623,15014.2,15148.0,14940.3,15076.3,25013855
20140624,15142.3,15342.0,15142.3,15309.5,29137817
20140625,15321.0,15321.0,15221.2,15237.8,23370497
20140626,15247.1,15333.2,15020.7,15050.0,37291657
20140627,15092.2,15117.2,14946.8,14992.3,20185412
20140630,15059.1,15330.0,15059.1,15241.9,29758891
20140701,15288.8,15365.7,15261.2,15321.3,24831205
20140702,15464.5,15519.3,15414.8,15490.3,23653021
20140703,15512.8,15554.7,15431.5,15451.7,22303318
20140704,15458.8,15582.7,15305.0,15556.2,20780659
20140707,15589.5,15592.8,15349.2,15367.6,33216870
20140708,15437.4,15437.4,14889.3,14997.5,26417330
20140709,15008.2,15093.5,14827.1,14931.1,30659706
20140710,14940.0,15371.0,14622.0,14821.7,48099687
20140711,14796.9,14918.8,14406.7,14447.2,33016401
20140714,14508.1,14561.8,14338.7,14489.8,28201476
20140715,14601.8,14919.5,14601.8,14891.9,32855355
20140716,15034.0,15299.8,15006.5,15265.5,39301894
20140717,15259.0,15302.0,15156.0,15269.0,26113242
20140718,15169.0,15463.2,15089.3,15389.3,30493093
20140721,15510.0,15554.9,15355.3,15386.0,26138730
20140722,15440.3,15473.3,15306.3,15427.3,21711499
20140723,15513.5,15626.9,15398.7,15463.0,31130839
20140724,15471.3,15559.1,15410.2,15534.3,28219094
20140725,15494.8,15571.9,15272.5,15322.2,27779539
20140728,15399.5,15403.9,15162.0,15212.2,22721782
20140730,15256.2,15470.6,15184.7,15452.4,29165299
20140731,15447.9,15499.5,15233.0,15267.6,39207840
20140801,15137.6,15417.2,15096.1,15127.8,36343480
20140804,15242.2,15326.2,15128.1,15242.3,22936170
20140805,15283.6,15343.5,15105.9,15293.2,27423613
20140806,15209.0,15239.3,14983.5,15008.7,21257923
20140807,15004.8,15135.1,14956.8,14986.8,21979231
20140808,14831.8,14859.0,14709.1,14765.8,27150257
20140811,14858.8,14896.9,14807.0,14846.8,20923637
20140812,14943.8,15078.1,14850.2,15056.7,19702406
20140813,15007.2,15078.3,14843.8,14910.9,27185856
20140814,14954.2,15144.8,14940.3,15089.7,24745845
20140818,15099.7,15465.0,15068.3,15439.8,28413852
20140819,15507.0,15624.3,15469.8,15524.7,31942362
20140820,15566.8,15566.8,15448.9,15481.7,19905172
20140821,15475.5,15722.0,15462.5,15662.2,34520563
20140822,15699.0,15865.3,15696.3,15819.2,32028572
20140825,15817.5,15973.3,15625.5,15669.0,22469543
20140826,15530.7,15674.5,15503.4,15624.1,21077883
20140827,15745.6,15758.8,15669.0,15717.7,18352395
20140828,15758.0,15794.6,15688.2,15740.4,27074422
20140901,15790.2,16060.2,15790.2,16012.8,23685389
20140902,16049.8,16170.8,16047.3,16130.5,26315789
20140903,16208.5,16208.5,16048.1,16110.0,30657042
20140904,16102.9,16114.8,15926.7,16033.5,21703976
20140905,16030.5,16111.0,15891.8,15982.5,21486911
20140908,16084.2,16222.5,16049.2,16206.7,20521106
20140909,16171.8,16199.1,16085.7,16156.8,17489600
20140910,16173.5,16190.5,16053.9,16151.8,20602012
20140911,16197.3,16309.7,16166.8,16204.2,30041684
20140912,16208.0,16278.7,16145.7,16254.2,22583271
20140915,16158.7,16239.7,16106.0,16167.5,27061568
20140916,16160.7,16169.6,15814.7,15844.1,28607396
20140917,15926.8,15937.3,15799.7,15838.6,22263757
20140918,15778.8,16173.8,15770.8,16156.8,21551813
20140919,16197.5,16197.5,16064.6,16152.2,23901299
20140922,16052.5,16272.3,16021.2,16194.5,19099454
20140923,16194.4,16240.5,15894.5,15902.8,23894197
20140924,15883.5,15954.5,15625.8,15740.3,26015651
20140925,15690.5,15734.1,15213.3,15299.0,41715540
20140926,15262.9,15666.4,15168.4,15607.2,37253894
20140929,15636.5,15636.5,15420.8,15473.5,20414879
20140930,15441.3,15596.1,15336.7,15392.2,28367263
20141001,15370.7,15377.6,15271.0,15316.2,20668460
20141007,15214.2,15344.6,15157.7,15180.2,20601315
20141008,15130.3,15371.8,15130.3,15344.0,19840589
20141009,15434.3,15795.7,15434.3,15741.2,27780819
20141010,15603.5,15628.8,15439.3,15453.8,24179823
20141013,15360.7,15705.7,15301.7,15677.5,26082820
20141014,15791.0,15843.7,15560.2,15751.5,32225926
20141016,15690.3,15836.2,15477.0,15541.6,30855086
20141017,15617.3,15973.5,15603.5,15929.8,31311659
20141020,16259.7,16297.2,16157.0,16216.6,32100648
20141021,16282.0,16452.8,16269.0,16427.2,37131786
20141022,16570.4,16572.5,16365.6,16444.7,22170074
20141023,16508.4,16524.9,16444.1,16470.1,2960759
20141027,16538.9,16664.3,16470.8,16556.6,22942944
20141028,16607.5,16702.3,16607.5,16667.0,18058541
20141029,16770.2,16770.2,16596.2,16634.1,19023898
20141030,16606.5,16776.3,16561.3,16760.1,32012908
20141031,16812.4,17060.2,16783.7,17045.1,30066791
20141103,17087.0,17168.4,16934.8,17134.1,27947948
20141105,17201.4,17425.2,17157.8,17352.9,26884330
20141107,17366.8,17383.6,17202.2,17347.1,27539546
20141110,17364.7,17412.0,17203.0,17262.4,18619468
20141111,17266.2,17434.2,17220.4,17390.2,22486483
20141112,17461.4,17635.9,17453.4,17587.1,27093290
20141113,17645.3,17651.0,17389.7,17453.0,23662826
20141114,17460.6,17601.2,17410.5,17576.8,27021001
20141117,17571.7,17676.6,17469.2,17640.4,26928513
20141118,17672.8,17750.2,17601.2,17702.6,24168195
20141119,17739.2,17745.7,17557.1,17585.7,19839984
20141120,17649.3,17681.8,17546.7,17645.1,38059457
20141121,17767.8,18139.9,17716.7,18056.3,56331995
20141124,18128.6,18313.1,18119.7,18281.9,40439295
20141125,18261.9,18261.9,17992.5,18037.1,57611224
20141126,17914.3,18128.2,17890.8,17975.9,32391132
20141127,17988.7,18054.7,17898.4,18022.5,44024254
20141128,18082.4,18615.4,18082.4,18513.2,67159535
20141201,18586.9,18676.1,18497.0,18525.3,43682395
20141202,18434.8,18601.8,18301.0,18555.8,54738132
20141203,18549.8,18723.7,18518.0,18645.8,44130903
20141204,18758.8,18793.2,18575.3,18782.8,46278757
20141205,18827.6,18875.4,18706.2,18756.8,41358139
20141208,18804.9,18804.9,18486.6,18510.1,32475946
20141209,18499.9,18585.3,18248.1,18290.7,39683603
20141210,18183.1,18532.9,18183.1,18462.9,47192327
20141211,18427.5,18529.7,18218.4,18405.0,45844918
20141212,18413.7,18501.8,18236.6,18299.8,38148580
20141215,18176.7,18470.1,18157.2,18372.7,41440078
20141216,18249.0,18308.9,17776.3,17830.6,63860864
20141217,17762.2,18051.8,17502.4,17865.8,81367367
20141218,18238.0,18356.3,18109.3,18326.6,56245826
20141219,18545.7,18563.6,18413.8,18478.9,63612345
20141222,18562.3,18801.2,18424.0,18747.3,39132217
20141223,18746.8,18923.6,18558.5,18603.8,41066755
20141224,18582.8,18709.2,18493.3,18535.3,54661971
20141226,18602.6,18681.8,18448.6,18557.2,29898270
20141229,18589.6,18700.7,18501.1,18528.3,26414596
20141230,18573.2,18671.9,18428.1,18647.6,33793298
20141231,18659.6,18774.2,18659.6,18736.7,27006490
20150101,18728.2,18781.6,18638.8,18750.4,20469847
20150102,18752.2,19118.8,18752.2,19057.8,41288039
20150105,19155.2,19166.0,18987.7,19017.4,36318747
20150106,18874.6,18874.6,18388.3,18430.8,52069776
20150107,18382.6,18482.1,18211.5,18304.2,58241387
20150108,18587.1,18752.3,18486.2,18701.4,47744703
20150109,18845.9,18864.0,18479.7,18637.2,51848548
20150112,18632.0,18822.1,18530.1,18795.8,35089936
20150113,18889.0,18920.7,18642.8,18707.2,44597947
20150114,18670.4,18769.7,18517.9,18603.8,41590949
20150115,19340.4,19410.4,19061.3,19235.7,86507935
20150116,19274.2,19275.8,19108.3,19223.2,64054519
20150119,19345.7,19434.2,19299.1,19406.1,43457730
20150120,19446.8,19808.2,19446.8,19767.1,53748223
20150121,19811.8,19964.9,19803.2,19843.2,70754102
20150122,19898.5,19964.2,19788.7,19917.7,48970464
20150123,20133.8,20167.7,19967.3,20072.7,60572191
20150127,20179.8,20609.2,20098.2,20555.2,54239370
20150128,20507.5,20907.6,20435.0,20491.8,67840741
20150129,20475.7,20579.0,20338.9,20528.6,74660443
20150130,20600.7,20600.7,19732.4,19843.8,120252455
20150202,19778.9,19991.4,19564.5,19865.9,90687967
20150203,19941.7,19963.7,19303.5,19382.9,107824150
20150204,19423.2,19423.2,19113.3,19174.0,81360048
20150205,19170.2,19444.7,18977.9,19051.9,70976148
20150206,19066.2,19119.7,18740.3,18786.7,72602607
20150209,18650.0,18667.1,18379.6,18403.8,60429342
20150210,18242.9,18933.7,18226.9,18752.5,95139429
20150211,18890.8,19051.8,18890.8,18940.8,56943797
20150212,19073.4,19176.8,18739.8,19128.6,71078575
20150213,19284.3,19441.0,19164.2,19369.7,114369392
20150216,19518.8,19532.7,19127.2,19189.9,57732371
20150218,19226.4,19389.8,19171.9,19296.5,46736878
20150219,19296.2,19377.4,18876.2,19188.3,53870593
20150220,19157.3,19307.8,18882.2,19073.6,63838362
20150223,19199.2,19219.8,18835.3,18913.4,51088766
20150224,18940.4,19022.2,18737.8,18883.8,59152218
20150225,18969.2,19069.2,18700.2,18733.1,54229904
20150226,18781.4,18795.1,18489.6,18538.1,76878910
20150227,18659.7,19114.4,18654.8,19074.6,69819276
20150228,19306.5,19776.9,19023.6,19691.2,100390043
20150302,19954.5,20065.5,19750.8,20008.1,76974161
20150303,20043.4,20043.4,19821.6,19961.2,58340797
20150304,20541.7,20541.7,19555.1,19643.9,118684182
20150305,19605.6,19830.3,19398.8,19748.0,59875106
20150309,19545.2,19545.2,19112.7,19145.6,53042357
20150310,19170.3,19271.8,18915.1,19054.4,57599232
20150311,19050.3,19181.8,18917.9,19044.0,55360126
20150312,19201.1,19255.9,19095.3,19141.8,41367973
20150313,19359.8,19376.8,18737.3,18779.8,54939717
20150316,18786.7,18912.8,18688.0,18837.3,48153899
20150317,18961.3,19121.8,18781.5,19058.2,47743992
20150318,19080.2,19234.4,18937.2,19147.2,59060854
20150319,19345.7,19373.4,18739.8,18811.2,51683013
20150320,18778.8,18782.9,18541.5,18606.3,62962667
20150323,18695.1,18696.7,18409.9,18449.0,42987120
20150324,18348.3,18546.2,18289.8,18331.4,62690934
20150325,18364.3,18433.0,18271.6,18310.1,53985052
20150326,18138.8,18224.1,17729.1,17831.7,104061184
20150327,18013.7,18092.4,17719.3,18044.8,79498523
20150330,18160.2,18393.2,18089.4,18361.8,50868224
20150331,18424.1,18494.3,18158.6,18206.7,57948741
20150401,18204.6,18668.8,18131.4,18617.8,45673069
20150406,18702.6,18702.6,18455.2,18605.4,47587506
20150407,18666.6,18669.6,18351.8,18469.3,53179556
20150408,18559.6,18595.6,18381.6,18416.6,45753359
20150409,18523.3,18894.8,18401.4,18875.8,72684119
20150410,18869.8,18896.5,18724.9,18800.8,54223553
20150413,18842.2,18890.7,18708.3,18798.2,43773210
20150415,18848.7,19038.5,18615.8,18716.3,66391246
20150416,18731.7,18731.7,18504.7,18637.1,55609375
20150417,18618.5,18625.8,18321.8,18345.6,57298263
20150420,18386.2,18500.3,17984.7,18112.8,57294278
20150421,18102.3,18328.3,18036.9,18105.8,53177130
20150422,18196.8,18297.2,17798.7,18243.7,61974250
20150423,18350.3,18433.8,18143.8,18245.6,56980744
20150424,18290.8,18290.8,17916.8,18001.9,52289660
20150427,18063.6,18075.7,17738.9,17767.6,66541958
20150428,17766.6,18320.1,17766.6,18246.2,77448235
20150429,18255.8,18431.9,18202.4,18302.7,60010265
20150430,18318.8,18430.1,18163.9,18338.1,92163016
20150504,18417.5,18586.3,18350.9,18501.3,38833685
20150505,18500.0,18563.1,18396.8,18471.4,39419171
20150506,18436.9,18580.1,17757.7,17799.6,66730522
20150507,17751.4,17751.4,17246.6,17376.9,60253207
20150508,17600.2,17907.5,17600.2,17796.6,88963421
20150511,17921.2,18240.7,17841.8,18199.8,108498669
20150512,18193.6,18193.6,17597.8,17628.7,69364982
20150513,17779.2,18127.8,17650.3,18097.4,63573496
20150514,18071.0,18156.9,17806.1,18116.2,54448233
20150515,18178.4,18260.3,18108.6,18183.2,63070882
20150518,18274.6,18439.7,18213.8,18422.9,46167235
20150519,18364.9,18556.1,18296.8,18380.4,54669360
20150520,18432.6,18619.6,18432.6,18555.2,42764836
20150521,18593.8,18603.8,18398.7,18513.2,51708394
20150522,18560.8,18755.4,18354.6,18433.3,110163572
20150525,18405.1,18475.6,18302.5,18324.8,52100958
20150526,18339.1,18378.2,18226.0,18329.3,35176215
20150527,18299.7,18561.5,18236.2,18538.8,47772490
20150528,18562.8,18639.7,18381.8,18449.2,78588818
20150529,18486.4,18751.2,18461.4,18721.3,58085375
20150601,18721.2,18832.5,18598.7,18617.0,35755937
20150602,18656.1,18656.1,17932.3,17977.3,66799306
20150603,17978.2,17978.2,17567.2,17721.4,73475921
20150604,17757.3,17777.9,17469.7,17719.2,68045447
20150605,17679.9,17786.5,17506.2,17549.2,59916302
20150608,17542.5,17561.4,17358.4,17432.6,61733263
20150609,17413.4,17560.5,17392.9,17489.9,57344058
20150610,17485.9,17782.0,17485.9,17707.2,49732467
20150611,17819.6,17821.9,17264.2,17304.4,75497870
20150612,17298.4,17551.3,17174.7,17523.6,56900277
20150615,17499.3,17579.0,17366.2,17458.7,51230225
20150616,17368.4,17651.9,17293.4,17602.4,47541970
20150617,17681.2,17692.6,17533.4,17584.1,50116633
20150618,17661.9,17797.3,17630.7,17733.6,53456551
20150619,17758.9,17935.3,17730.7,17880.8,45309746
20150622,17956.6,18420.9,17950.6,18334.5,61419191
20150623,18414.6,18499.6,18287.2,18391.3,61660708
20150624,18403.9,18499.8,18304.9,18365.6,50177396
20150625,18312.8,18539.2,18278.7,18492.9,83574982
20150626,18461.6,18461.6,18199.2,18371.5,51902054
20150629,17962.5,18291.8,17821.9,18241.2,56450814
20150630,18204.8,18342.5,18086.8,18296.1,57085356
20150701,18275.6,18629.2,18261.9,18581.6,58558613
20150702,18605.1,18642.8,18513.3,18585.6,46594751
20150703,18535.7,18756.7,18535.7,18729.7,37531821
20150706,18488.3,18855.9,18417.3,18825.2,42769838
20150707,18794.1,18980.7,18713.2,18798.5,46335758
20150708,18579.7,18669.4,18402.8,18463.2,61686240
20150709,18442.2,18584.0,18409.2,18508.7,40159309
20150710,18584.9,18767.8,18534.6,18719.8,47365522
20150713,18753.8,18929.2,18657.6,18893.6,44253570
20150714,18913.8,18940.8,18734.4,18780.2,41870853
20150715,18801.5,18894.9,18773.9,18816.2,39321890
20150716,18870.5,19195.4,18867.5,19168.1,59754376
20150717,19175.3,19229.1,19069.3,19094.7,37799797
20150720,19126.1,19149.1,18852.7,19032.7,57348699
20150721,19042.9,19101.5,18702.4,18723.4,40091629
20150722,18683.3,19038.2,18613.6,18997.0,45250592
20150723,18990.8,19091.4,18819.2,18865.0,41291991
20150724,18832.4,18860.8,18613.6,18635.8,59850422
20150727,18566.6,18566.6,18187.4,18213.1,48338057
20150728,18250.7,18379.1,18174.2,18282.8,92774462
20150729,18331.6,18383.7,18264.3,18323.4,54583692
20150730,18383.0,18521.8,18367.2,18440.4,106468416
20150731,18489.8,18828.8,18474.8,18729.8,117407559
20150803,18782.7,19016.4,18782.7,18914.7,94100555
20150804,18968.2,19067.3,18758.9,18972.6,104132738
20150805,19047.3,19103.7,18868.7,18928.6,67018432
20150806,18946.3,19100.6,18830.4,19029.3,59517717
20150807,18992.8,19019.7,18849.2,18893.6,41653570
20150810,18926.1,19071.3,18781.3,18875.0,43121213
20150811,18918.6,18918.6,18555.5,18616.9,76413031
20150812,18515.2,18515.2,18034.8,18059.8,68321743
20150813,18211.5,18359.2,18080.5,18175.4,56495503
20150814,18275.5,18766.0,18193.1,18723.6,68472344
20150817,18763.1,18896.4,18580.7,18822.1,122687958
20150818,18862.2,18874.1,18595.5,18780.8,81705775
20150819,18753.4,18803.5,18636.1,18703.2,54367547
20150820,18533.2,18711.3,18219.9,18283.1,76744606
20150821,17978.2,18118.8,17842.1,18057.2,86612685
20150824,17446.3,17446.3,16740.7,16811.8,138307572
20150825,17084.2,17269.2,16670.6,17192.8,123179428
20150826,17113.1,17172.2,16875.5,16917.7,83956178
20150827,17175.7,17249.5,17061.8,17214.4,115472196
20150828,17425.3,17569.8,17099.8,17211.9,76587431
20150831,17137.2,17353.3,17028.9,17146.6,69185388
20150901,16983.8,16983.8,16436.8,16530.3,82805160
20150902,16703.9,16714.5,16218.7,16252.7,92263285
20150903,16404.9,16607.4,16320.5,16555.4,67618554
20150904,16444.2,16444.2,15933.2,16129.1,88284844
20150907,16222.2,16273.3,15762.2,15790.1,70985097
20150908,15888.5,16419.0,15819.5,16351.0,82216809
20150909,16658.3,16781.6,16462.4,16631.5,86171475
20150910,16351.8,16711.6,16192.2,16597.7,62602462
20150911,16682.2,16781.2,16518.8,16612.6,62307225
20150914,16596.5,16937.9,16525.2,16911.8,50037659
20150915,16905.8,16919.4,16681.6,16739.6,62041195
20150916,16885.2,17015.8,16780.2,16964.8,56132969
20150918,17184.2,17602.0,17156.2,17409.2,101963107
20150921,17186.1,17571.3,17178.8,17542.9,54440559
20150922,17574.6,17652.3,16946.2,17031.2,66788167
20150923,16783.8,17309.7,16759.0,17255.3,62555647
20150924,17206.1,17283.1,17070.6,17196.7,57933912
20150928,17286.2,17384.8,17073.9,17100.3,44270111
20150929,16859.8,17461.3,16648.3,17281.2,121822683
20150930,17404.8,17449.8,17100.2,17216.3,69972702
20151001,17362.9,17390.6,17111.7,17150.2,47938874
20151005,17373.6,17699.8,17362.7,17674.1,63887128
20151006,17822.7,17827.2,17493.8,17605.3,54328513
20151007,17577.5,17674.6,17500.3,17616.8,50519627
20151008,17622.8,17622.8,17401.2,17474.3,50874056
20151009,17640.4,17749.6,17498.4,17590.2,56206754
20151012,17642.6,17759.8,17546.9,17583.2,51852861
20151013,17530.6,17632.2,17473.7,17554.8,42876621
20151014,17453.0,17598.1,17434.1,17543.2,36203784
20151015,17604.4,17752.7,17582.8,17686.1,45583753
20151016,17701.5,17947.8,17583.6,17912.8,47119014
20151019,17911.7,17954.9,17817.9,17855.1,33082057
20151020,17843.7,17940.4,17755.7,17830.2,43600373
20151021,17814.6,17891.8,17565.3,17710.6,75991251
20151023,17859.8,17980.5,17852.6,17934.1,52769531
20151026,18027.1,18029.1,17798.7,17815.1,48475058
20151027,17738.4,17855.3,17738.4,17806.3,44418165
20151028,17589.3,17682.4,17281.4,17373.2,88770165
20151029,17388.4,17400.2,17178.8,17212.2,83585173
20151030,17249.9,17399.1,17170.3,17354.5,76279136
20151102,17351.4,17372.2,17208.9,17340.6,48711521
20151103,17436.5,17466.2,17265.1,17325.6,44370782
20151104,17449.0,17449.0,17175.7,17221.1,41020104
20151105,17166.4,17166.4,16957.3,16995.1,46706567
20151106,17003.0,17143.6,16911.6,17086.5,120185655
20151109,16667.9,17069.0,16587.2,17003.0,80562033
20151110,16895.2,17047.3,16805.1,16836.0,60864871
20151111,16944.7,17016.8,16935.9,16956.0,10972178
20151113,16829.3,16962.6,16741.8,16932.8,47160823
20151116,16881.7,17230.5,16855.5,17184.9,50710286
20151117,17302.6,17302.6,17028.2,17140.4,53695877
20151118,17108.9,17186.7,16787.6,16812.1,44250311
20151119,16944.3,17110.3,16874.7,17071.9,42911555
20151120,17022.7,17262.8,16931.3,17055.6,56529641
20151123,17120.2,17126.3,16969.3,17060.2,45465543
20151124,17012.8,17108.4,16964.9,16988.7,39690936
20151126,16988.2,17111.4,16972.6,17036.6,74810537
20151127,17095.2,17403.7,17049.6,17370.9,70130117
20151130,17336.2,17498.3,17336.2,17430.4,57553672
20151201,17456.8,17495.4,17353.8,17398.6,40750147
20151202,17457.2,17470.8,17164.0,17218.5,40854274
20151203,17137.8,17219.0,17080.2,17110.1,41691597
20151204,17009.4,17009.4,16880.3,16897.3,47280436
20151207,17018.0,17031.8,16921.8,16947.0,34913097
20151208,16888.7,16943.1,16783.7,16801.2,43130595
20151209,16762.2,16868.6,16626.6,16660.8,41301150
20151210,16697.2,16745.2,16573.2,16711.1,50821530
20151211,16751.3,16758.7,16260.1,16342.5,79358482
20151214,16212.4,16440.8,16205.8,16350.7,60757601
20151215,16342.3,16425.2,16188.0,16398.7,56408351
20151216,16464.5,16640.4,16363.9,16579.4,67659792
20151217,16704.1,16771.8,16544.7,16741.5,72117905
20151218,16719.4,16737.7,16572.8,16594.3,68363392
20151221,16593.4,16848.6,16580.7,16825.2,43038799
20151222,16810.7,16946.1,16704.2,16749.2,55650655
20151223,16828.3,16913.2,16812.5,16882.5,37200425
20151224,16926.9,16939.6,16756.9,16811.0,27091752
20151228,16843.4,17019.0,16843.4,16979.2,41135712
20151229,16988.3,17045.6,16921.2,16991.4,36299594
20151230,16997.5,17011.3,16889.1,16917.9,40935766
20151231,16916.1,16972.2,16896.7,16922.2,59187548
20160101,16932.5,17067.4,16824.1,17039.2,29215687
20160104,16966.3,16966.3,16575.4,16599.2,52324127
20160105,16652.1,16670.2,16474.8,16542.5,53646729
20160106,16505.4,16614.9,16377.7,16433.2,55221322
20160107,16256.5,16256.5,16049.8,16073.8,76230933
20160108,16135.4,16229.0,16104.1,16142.7,53483569
20160111,15979.0,16156.8,15840.6,16016.2,67298931
20160112,16080.4,16080.4,15699.4,15734.8,98499719
20160113,15835.0,15956.2,15532.2,15871.8,113380181
20160114,15612.1,15803.2,15453.4,15609.8,81791556
20160115,15621.8,15650.7,15154.3,15206.3,98894244
20160118,15165.2,15270.4,14957.0,15020.8,121191177
20160119,15086.8,15338.2,15086.8,15269.7,85097353
20160120,15059.5,15533.5,14754.7,14935.5,92651950
20160121,15132.2,15364.6,14918.2,15101.2,109781594
20160122,15343.2,15575.7,15274.9,15497.5,87614131
20160125,15667.0,15682.7,15495.1,15561.2,66198778
20160127,15648.4,15674.0,15442.2,15534.6,68640342
20160128,15569.5,15572.2,15349.8,15381.5,85676389
20160129,15140.2,15554.9,15136.8,15522.4,137127980
20160201,15547.8,15565.5,15281.3,15314.5,101914265
20160202,15353.6,15463.5,15018.8,15068.0,117353243
20160203,14897.4,14947.8,14777.8,14834.0,84639389
20160204,14969.2,14978.3,14761.4,14869.2,91114395
20160205,14928.2,15211.9,14890.9,15162.0,97272505
20160208,15206.3,15367.9,14960.1,15046.8,89200251
20160209,14830.4,14964.9,14760.8,14875.1,104650249
20160210,14740.2,14779.2,14490.2,14588.5,125483478
20160211,14518.7,14530.8,13969.8,14028.5,177103186
20160212,14088.6,14154.5,13810.6,13971.5,159082790
20160215,14120.9,14548.2,14120.5,14445.0,173684225
20160216,14602.2,14602.2,14136.8,14166.5,122479893
20160217,14165.2,14186.1,13892.1,14119.8,132908648
20160218,14301.8,14385.7,14180.9,14298.2,108987470
20160219,14243.5,14395.8,14207.3,14344.2,99325491
20160222,14331.2,14467.2,14322.7,14384.8,68267346
20160223,14373.3,14373.3,13961.8,14008.3,81430644
20160224,13873.7,13974.5,13760.2,13794.0,92126868
20160225,13844.5,13844.5,13519.9,13555.7,107787803
20160226,13715.1,13889.2,13595.2,13791.5,102344200
20160229,13818.9,14222.3,13407.2,13946.4,262463001
20160301,14064.8,14445.7,14064.8,14412.9,99318596
20160302,14770.3,15138.7,14767.3,15092.5,176235867
20160303,15150.0,15206.2,15000.0,15177.8,106177314
20160304,15243.8,15451.8,15005.5,15339.2,131358681
20160308,15323.5,15326.7,15066.5,15146.5,93409280
20160309,15022.3,15331.2,14989.4,15279.0,103166377
20160310,15347.5,15354.2,15098.5,15180.7,71231660
20160311,15133.8,15343.5,15024.8,15168.2,76974856
20160314,15309.0,15416.2,15220.2,15277.8,62568481
20160315,15310.5,15386.8,15268.1,15326.8,75740344
20160316,15304.3,15489.5,15178.3,15461.7,80437373
20160317,15622.3,15704.8,15312.5,15444.0,103772808
20160318,15485.8,15678.5,15456.2,15654.8,71783060
20160321,15735.5,15945.8,15735.5,15926.1,73595488
20160322,15930.5,15967.8,15779.2,15936.0,58606010
20160323,15884.2,15919.6,15800.0,15887.8,64078807
20160328,15867.8,15890.7,15522.2,15604.9,83527683
20160329,15583.1,15774.1,15580.8,15666.2,69537187
20160330,15829.6,16167.5,15762.2,16134.8,93824682
20160331,16134.4,16282.8,16062.0,16141.7,161944757
20160401,16099.7,16235.8,16020.6,16174.9,90417981
20160404,16236.9,16278.5,16046.5,16190.6,72458835
20160405,16127.5,16147.2,15659.8,15695.0,125878076
20160406,15750.2,15768.5,15578.5,15637.0,71126678
20160407,15669.0,15726.6,15458.0,15530.8,70929338
20160408,15519.3,15642.7,15483.0,15568.3,53833509
20160411,15623.3,15853.8,15440.2,15818.5,72003720
20160412,15809.1,15958.8,15794.2,15880.2,66751340
20160413,16088.0,16349.7,16080.5,16278.5,84613287
20160418,16328.7,16330.5,16011.9,16222.7,63260117
20160420,16299.5,16386.3,16160.5,16349.7,85634855
20160421,16526.6,16769.6,16526.6,16637.2,149128885
20160422,16641.1,16755.8,16549.1,16703.4,117886991
20160425,16746.9,16767.9,16605.0,16678.7,80059352
20160426,16647.8,17029.8,16572.0,17002.6,104748280
20160427,16869.3,16995.0,16827.3,16872.9,127303882
20160428,16885.8,17023.3,16692.7,16716.9,136491989
20160429,16712.9,16841.3,16527.6,16795.0,138730300
20160502,16614.0,16674.2,16519.6,16543.0,101321996
20160503,16570.8,16719.4,16358.4,16388.7,90747922
20160504,16320.1,16465.6,16250.5,16274.2,114513664
20160505,16292.4,16398.2,16193.7,16281.0,90435449
20160506,16264.5,16346.2,16186.2,16296.6,74991308
20160509,16357.0,16712.9,16357.0,16686.1,75762620
20160510,16710.1,16812.2,16613.9,16784.9,82060322
20160511,16544.2,16861.9,16518.8,16754.4,110386461
20160512,16881.2,16962.0,16779.5,16923.7,86110726
20160513,16891.7,16891.7,16594.6,16716.9,89058321
20160516,16744.2,16780.1,16431.7,16737.6,126894276
20160517,16818.4,16903.3,16738.7,16762.8,99004259
20160518,16671.7,16759.1,16556.6,16728.9,130870012
20160519,16725.4,16726.2,16535.8,16565.2,87516244
20160520,16600.8,16623.2,16455.4,16481.4,73956019
20160523,16560.2,16604.2,16368.0,16407.6,69309872
20160524,16422.3,16501.1,16368.6,16456.7,60212588
20160525,16600.7,17025.8,16599.1,16997.4,86513208
20160526,17037.6,17424.1,16971.3,17359.3,134389985
20160527,17348.3,17543.3,17327.7,17511.8,163233119
20160530,17580.8,17666.1,17484.8,17520.7,96747582
20160531,17615.1,17648.2,17462.2,17620.9,115964022
20160601,17670.8,17670.8,17392.8,17423.4,99164561
20160602,17405.2,17596.4,17350.4,17567.8,78335336
20160603,17657.2,17762.1,17649.1,17680.8,89366456
20160606,17710.4,17754.2,17636.9,17671.4,81251372
20160607,17796.6,18000.9,17713.3,17948.2,167578972
20160608,17976.2,17995.8,17855.2,17946.8,123360967
20160609,17955.8,17986.2,17801.6,17887.7,107528433
20160610,17830.2,18051.5,17815.2,17828.6,94174779
20160613,17620.6,17666.6,17527.6,17593.9,72871679
20160614,17698.9,17719.8,17575.9,17672.4,94796689
20160615,17746.1,17943.7,17659.6,17917.9,119252898
20160616,17827.6,17827.6,17545.8,17671.3,132625249
20160617,17772.3,17843.2,17590.8,17696.1,91953442
20160620,17425.8,17779.0,17425.8,17718.6,110665302
20160621,17761.7,17763.3,17585.7,17619.1,73724929
20160622,17610.1,17755.2,17518.2,17626.1,68941887
20160623,17630.8,17907.5,17611.0,17892.4,71430195
20160624,17213.8,17459.2,16946.3,17426.1,164607648
20160627,17346.3,17611.2,17346.3,17514.9,89947886
20160628,17497.0,17626.7,17481.5,17561.6,73838256
20160629,17643.7,17728.9,17580.5,17689.9,60629596
20160630,17825.3,17975.1,17795.9,17935.4,118532313
20160701,18019.7,18074.9,17955.3,17985.7,69395415
20160704,18091.8,18146.3,18054.8,18097.7,88028823
20160705,18122.4,18124.1,17989.6,18004.2,71760436
20160707,18036.3,18146.6,17997.1,18084.9,66110768
20160708,18078.1,18079.2,17910.9,18016.2,71384178
20160711,18268.2,18409.4,18243.3,18390.9,95542728
20160712,18527.8,18684.4,18464.2,18667.6,119959659
20160713,18704.9,18711.6,18546.2,18618.9,91794140
20160714,18633.5,18880.9,18580.2,18863.8,119591064
20160715,18887.9,19016.1,18772.4,18953.7,98893700
20160718,18998.3,19158.0,18885.0,18923.4,89841318
20160719,18970.2,19030.1,18833.6,18905.2,119764169
20160720,18896.8,19016.2,18886.3,18968.2,76186713
20160721,18967.4,19000.3,18644.6,18674.3,82995275
20160722,18697.8,18735.4,18551.3,18690.4,98151354
20160725,18594.9,19035.3,18572.1,18989.6,134300249
20160726,18979.1,19044.4,18814.2,18860.8,108819760
20160727,18908.4,19125.0,18882.4,19021.9,102758926
20160728,19050.4,19126.8,18998.8,19076.6,150822269
20160729,19047.1,19070.2,18912.6,18953.2,84588124
20160801,18896.5,19078.5,18634.4,18740.6,107461841
20160802,18783.6,18866.6,18671.8,18708.2,93802673
20160803,18680.9,18775.4,18542.6,18602.0,79648244
20160804,18724.9,18724.9,18443.7,18571.7,99891602
20160805,18725.2,18943.2,18708.2,18925.9,86194390
20160808,18986.8,19028.7,18896.0,18939.4,62653821
20160809,18968.7,19008.2,18838.6,18933.3,80282306
20160810,18966.8,18985.2,18611.2,18647.8,77578944
20160811,18621.0,18699.2,18537.1,18640.4,101074835
20160812,18698.3,18986.8,18695.5,18963.7,198837215
20160816,19029.1,19062.2,18839.4,19002.2,94800297
20160817,19044.6,19138.3,18966.3,19041.2,81061925
20160818,19087.2,19367.4,19083.0,19352.8,81431396
20160819,19419.0,19457.4,19327.2,19414.7,110378474
20160822,19432.6,19493.2,19252.8,19330.2,72766030
20160823,19311.9,19372.7,19246.9,19341.7,75741851
20160824,19358.7,19392.2,19284.3,19355.6,59389952
20160825,19383.7,19432.8,19282.8,19304.2,91833496
20160826,19336.4,19358.0,19133.9,19195.8,62935384
20160829,19174.4,19247.8,19096.7,19217.0,56151054
20160830,19306.5,19546.3,19306.5,19531.6,78066462
20160831,19595.9,19823.4,19595.9,19787.6,227835482
20160901,19805.8,19928.2,19738.3,19788.8,73412522
20160902,19830.3,19911.2,19787.6,19883.2,55246832
20160906,19990.9,20459.4,19990.9,20426.2,102450560
20160907,20505.8,20575.8,20376.8,20406.9,182174112
20160908,20439.2,20477.4,20335.2,20417.2,84146556
20160909,20274.8,20349.7,20139.2,20245.3,99503901
20160912,19861.4,19861.4,19735.6,19790.6,97967394
20160914,19757.1,19953.2,19732.2,19909.2,87058786
20160915,19927.6,19955.4,19730.2,19837.6,68388707
20160916,19935.8,20227.2,19783.6,19855.4,139007912
20160919,19892.2,20014.4,19849.7,19906.8,64684600
20160920,19957.3,19964.3,19797.5,19852.3,55715315
20160921,19902.7,19937.8,19749.9,19828.4,62251845
20160922,20153.1,20264.8,19996.9,20109.6,102577164
20160923,20136.8,20137.6,19861.4,19901.8,96847196
20160926,19792.2,19794.2,19568.3,19591.8,73982979
20160927,19652.9,19696.4,19479.2,19518.7,65845836
20160928,19542.0,19700.0,19509.7,19653.6,117247682
20160929,19762.3,19793.2,19059.1,19183.7,239435196
20160930,19116.0,19330.8,19085.2,19285.7,84247936
20161003,19395.6,19611.2,19363.9,19589.1,66410113
20161004,19641.8,19747.4,19527.3,19672.7,113388061
20161005,19801.3,19816.5,19492.8,19536.8,91727046
20161006,19518.6,19570.7,19325.8,19395.1,74619781
20161007,19398.1,19456.0,19318.0,19400.1,62681646
20161010,19489.5,19501.4,19351.3,19378.6,40907508
20161013,19295.6,19295.6,18824.4,18954.2,95148972
20161014,19016.7,19053.5,18926.2,19020.2,61797883
20161017,19136.3,19241.8,19002.4,19070.4,123597409
20161018,19174.7,19511.8,19162.8,19495.1,104276455
20161019,19570.1,19576.3,19322.8,19412.1,65347496
20161020,19493.9,19722.8,19479.2,19658.7,97604833
20161021,19636.4,19744.0,19516.4,19710.9,69230448
20161024,19763.8,19897.8,19751.7,19807.9,77828035
20161025,19907.7,19922.7,19711.9,19834.9,90588204
20161026,19581.7,19725.9,19434.5,19483.6,143827550
20161027,19452.0,19544.2,19252.1,19514.6,87647894
20161028,19507.8,19589.7,19362.0,19555.9,68877003
20161030,19657.8,19666.8,19484.7,19523.6,8938951
20161101,19578.6,19591.7,19417.3,19458.6,61792854
20161102,19223.5,19296.6,19158.8,19227.9,74364554
20161103,19201.9,19319.7,19119.3,19178.7,65915418
20161104,19223.8,19223.9,18961.2,19058.1,76173129
20161107,19317.8,19378.0,19233.0,19356.0,77290268
20161108,19490.8,19549.4,19322.2,19500.8,83951456
20161109,18270.9,19587.8,18143.7,19518.2,169946993
20161110,19827.5,20283.2,19787.4,20200.2,212502782
20161111,20033.8,20309.7,19704.3,19738.8,197925973
20161115,19808.3,19861.8,19240.4,19289.8,208769377
20161116,19591.2,19611.9,19088.4,19108.1,134590517
20161117,19115.9,19328.8,19009.8,19087.8,106724890
20161118,19180.3,19216.3,18897.1,18959.1,79393592
20161121,19063.8,19075.9,18351.2,18446.4,135622966
20161122,18626.7,18650.5,18322.7,18548.7,119912505
20161123,18660.6,18669.1,18449.7,18540.9,73799835
20161124,18476.0,18476.3,18215.8,18256.1,120482500
20161125,18377.6,18546.3,18266.6,18507.3,81089308
20161128,18237.2,18471.7,18187.4,18301.4,106884555
20161129,18308.8,18427.4,18188.7,18223.8,81509358
20161130,18306.1,18667.8,18262.5,18627.8,89135261
20161201,18676.8,18713.1,18389.7,18428.4,62882921
20161202,18329.4,18490.5,18163.8,18247.7,84312899
20161205,18245.0,18434.2,18189.5,18408.9,45765934
20161206,18459.7,18499.8,18365.9,18420.9,55031739
20161207,18515.5,18588.8,17952.6,18234.2,100890980
20161208,18342.6,18558.8,18336.9,18515.4,55661159
20161209,18567.9,18739.7,18432.3,18695.8,75645795
20161212,18616.1,18616.1,18364.1,18392.9,53579188
20161213,18354.1,18492.8,18291.3,18466.1,54727502
20161214,18480.3,18485.4,18322.9,18341.5,56292640
20161215,18143.5,18532.0,18122.1,18401.2,82787720
20161216,18417.9,18428.4,18268.3,18312.8,81868151
20161219,18258.1,18316.8,18215.5,18257.1,37244360
20161220,18264.1,18274.9,18009.8,18069.4,53850831
20161221,18124.6,18167.2,18043.9,18084.5,45881955
20161222,18027.0,18029.6,17839.8,17891.4,50280389
20161223,17849.2,17962.3,17819.8,17884.0,53610316
20161226,17825.5,17860.8,17606.9,17655.6,45887571
20161227,17677.7,17907.3,17616.1,17879.6,50265645
20161228,17929.2,18059.7,17829.2,17876.7,57498370
20161229,17861.4,18053.3,17829.4,18033.2,83313390
20161230,18026.3,18245.8,18016.8,18177.2,54349583
20170102,18242.3,18249.0,17844.9,17969.6,74444730
20170103,18002.8,18115.1,17830.9,18035.6,64513818
20170104,18037.4,18092.8,17868.9,17891.0,50508161
20170105,18000.8,18164.1,17977.8,18115.9,68874940
20170106,18168.4,18325.5,18157.3,18264.0,65919927
20170109,18314.2,18373.1,18256.2,18286.7,42677260
20170110,18351.4,18441.2,18275.8,18409.6,59993426
20170111,18535.3,18889.4,18515.2,18830.0,102842482
20170112,18885.4,18966.3,18805.8,18873.9,66286062
20170113,18949.7,18952.2,18781.2,18912.1,55762182
20170116,18899.7,19134.5,18865.2,19096.4,59319825
20170117,19128.2,19202.2,18981.8,19067.1,63686033
20170118,19074.8,19276.5,19072.1,19164.5,56898977
20170119,19165.3,19185.3,19046.1,19124.2,83679399
20170120,18996.6,19071.7,18793.1,18820.8,110140976
20170123,18762.0,18909.7,18722.8,18842.7,97144867
20170124,18931.0,19054.3,18906.9,19023.5,81717037
20170125,19120.1,19518.4,19114.2,19473.2,131028002
20170127,19588.4,19794.9,19534.9,19708.3,157251635
20170130,19718.8,19767.1,19561.1,19585.2,71178678
20170131,19533.2,19624.1,19435.4,19515.2,67343878
20170201,19522.4,20047.8,19470.9,20020.6,145906975
20170202,20053.9,20146.9,19915.2,20070.3,116963782
20170203,20061.9,20229.7,20009.9,20196.8,113714035
20170206,20307.2,20462.4,20298.1,20371.6,99281709
20170207,20367.3,20426.9,20281.5,20327.2,109432014
20170208,20335.2,20362.8,20070.2,20245.4,85902788
20170209,20312.7,20406.6,20000.3,20151.2,107559620
20170210,20225.8,20310.0,20167.1,20213.9,117595817
20170213,20273.7,20308.7,20116.9,20251.8,108967330
20170214,20304.5,20314.1,20158.8,20258.1,69832338
20170215,20282.1,20368.2,20115.8,20163.7,74195087
20170216,20243.2,20295.6,20088.2,20243.7,81485552
20170217,20918.4,21042.3,20449.7,20551.3,197061810
20170220,20494.8,20702.6,20472.4,20677.1,66182208
20170221,20695.9,20903.3,20619.2,20860.9,74587721
20170222,20937.6,20958.2,20829.7,20868.4,92261695
20170223,20887.7,21011.9,20828.4,20876.7,95406666
20170227,20853.4,20853.4,20584.8,20613.1,60499704
20170228,20632.8,20681.3,20560.6,20607.2,76658515
20170301,20698.9,20833.8,20678.8,20783.8,75542256
20170302,20885.0,20905.0,20516.9,20560.1,81044163
20170303,20572.8,20580.4,20423.3,20495.6,53179917
20170306,20548.9,20727.5,20532.2,20663.7,56093806
20170307,20685.9,20701.2,20585.9,20627.5,47804156
20170308,20630.2,20715.2,20534.2,20676.6,63112788
20170309,20620.6,20780.2,20603.9,20721.3,59782379
20170310,20825.9,20876.9,20648.8,20727.6,53537238
20170314,21189.8,21274.4,21059.7,21102.7,98698328
20170315,21089.4,21216.9,21063.9,21157.9,75243419
20170316,21237.5,21289.8,21194.2,21249.9,73921069
20170317,21308.4,21336.1,21127.9,21175.1,92308641
20170320,21202.6,21202.6,21084.8,21110.2,50376495
20170321,21110.7,21146.5,20967.0,21019.0,72936344
20170322,20815.3,20899.0,20753.9,20781.3,83727177
20170323,20848.8,20934.8,20775.3,20895.5,60387250
20170324,20987.6,21174.1,20929.2,21122.6,124797100
20170327,21178.1,21179.2,20979.6,21056.9,97615919
20170328,21229.0,21264.9,21145.0,21225.4,95258847
20170329,21291.4,21418.6,21255.8,21391.2,119195883
20170330,21374.3,21696.0,21331.9,21620.7,111132480
20170331,21551.8,21574.2,21414.0,21444.2,103206746
20170403,21539.2,21565.4,21408.6,21547.8,61067763
20170405,21602.2,21699.3,21499.8,21652.7,84599454
20170406,21572.7,21674.0,21488.9,21622.9,93689427
20170407,21536.5,21616.8,21397.0,21431.2,96285404
20170410,21492.1,21552.1,21396.1,21520.2,57491405
20170411,21521.4,21753.3,21483.6,21736.2,89433764
20170412,21735.7,21787.1,21551.8,21666.8,78966353
20170413,21651.2,21758.8,21627.0,21686.6,71469667
20170417,21700.5,21743.3,21576.8,21647.6,49031440
20170418,21706.1,21947.0,21634.2,21671.8,85174794
20170419,21674.1,21706.3,21470.2,21556.3,81449296
20170420,21419.4,21558.8,21396.0,21491.4,100132829
20170421,21567.5,21614.6,21386.2,21551.4,77253527
20170424,21591.9,21884.8,21578.7,21857.4,84637572
20170425,21960.7,22093.2,21900.3,22054.7,88819491
20170426,22158.7,22276.1,21814.9,22242.8,133893025
20170427,22274.1,22380.8,22169.8,22326.3,166567366
20170428,22296.8,22383.0,22182.6,22358.2,167782299
20170502,22412.6,22492.2,22266.2,22341.3,140738147
20170503,22445.8,22449.0,22240.1,22307.3,130697797
20170504,22618.3,22743.7,22449.9,22720.1,226413641
20170505,22844.8,22853.6,22514.0,22604.9,255187439
20170508,22678.4,22835.2,22632.5,22767.3,106479323
20170509,22820.8,22835.3,22664.3,22707.3,81028829
20170510,22767.8,22859.4,22742.1,22830.3,73498955
20170511,22916.1,22977.8,22764.7,22818.4,78856978
20170512,22840.4,22859.2,22578.0,22671.7,96397424
20170515,22735.8,22891.7,22730.3,22821.5,74700041
20170516,22857.6,22944.1,22727.7,22928.6,134784390
20170517,22972.3,22978.2,22830.1,22935.9,96263996
20170518,22750.4,22834.6,22660.2,22698.6,113423012
20170519,22761.9,22902.2,22628.4,22769.8,154944222
20170522,22874.8,22918.3,22637.8,22652.8,99779442
20170523,22674.9,22740.4,22492.2,22582.8,114212196
20170524,22624.5,22673.4,22469.8,22536.3,91993332
20170525,22573.7,23267.8,22570.3,23190.8,132711087
20170526,23151.4,23408.3,23092.3,23362.2,78876968
20170529,23310.6,23464.0,23141.2,23182.8,60052384
20170530,23142.1,23337.2,23093.9,23307.2,66704876
20170531,23321.2,23469.4,23248.5,23424.8,182918715
20170601,23394.1,23396.2,23224.1,23310.2,81509629
20170602,23435.2,23453.3,23308.4,23375.9,67217648
20170605,23397.4,23494.7,23349.9,23459.7,52203667
20170606,23523.1,23536.1,23381.7,23416.3,54088336
20170607,23482.8,23606.2,23427.6,23567.7,56452419
20170608,23630.3,23659.1,23514.2,23536.1,64825589
20170609,23483.9,23708.7,23476.8,23690.9,58400790
20170612,23610.2,23630.1,23441.8,23470.4,56374007
20170613,23447.0,23615.2,23446.9,23477.8,47770607
20170614,23555.3,23562.8,23399.4,23498.7,81088281
20170615,23444.7,23473.3,23311.8,23391.8,72763994
20170616,23448.6,23527.7,23391.0,23502.8,102155200
20170619,23571.3,23806.7,23535.7,23742.2,60483537
20170620,23720.6,23760.3,23651.2,23697.9,71814671
20170621,23638.2,23760.8,23610.2,23708.8,62327766
20170622,23716.8,23897.8,23694.2,23736.1,79042264
20170623,23772.3,23786.5,23507.5,23542.8,74946434
20170627,23636.9,23640.1,23055.8,23216.2,101336046
20170628,23209.6,23322.6,23113.7,23235.8,95524464
20170629,23312.4,23476.0,23124.3,23227.3,146858174
20170630,23137.2,23254.1,22996.4,23211.2,70715291
20170703,23240.3,23330.1,23144.3,23272.8,51036105
20170704,23325.5,23363.1,23163.7,23214.2,55294067
20170705,23241.9,23380.3,23205.6,23352.6,89709252
20170706,23399.5,23540.2,23369.5,23466.7,130090775
20170707,23463.8,23492.6,23400.6,23449.2,88942526
20170710,23583.2,23964.8,23289.9,23675.1,36606673
20170711,23744.6,23744.6,23552.6,23584.6,78963065
20170712,23623.8,23736.6,23523.7,23695.4,69663347
20170713,23817.2,23938.0,23811.0,23888.7,84983841
20170714,23949.5,23963.7,23755.9,23937.7,71052482
20170717,24011.4,24066.1,23913.7,24015.1,65783041
20170718,23958.2,24147.4,23942.1,24022.1,75082364
20170719,24069.2,24180.8,24053.7,24152.7,72823157
20170720,24170.7,24299.6,24170.7,24213.3,91515347
20170721,24231.4,24289.3,24066.9,24257.1,65322497
20170724,24307.7,24460.6,24234.7,24420.8,74481260
20170725,24622.9,24624.7,24450.2,24520.7,76545885
20170726,24578.2,24720.9,24484.9,24670.7,132701870
20170727,24857.5,25032.2,24799.4,24922.4,152249420
20170728,24744.6,24859.8,24651.1,24811.3,100038906
20170731,24880.6,25168.1,24828.5,25103.7,130095973
20170801,25152.8,25179.5,25000.9,25122.8,71831819
20170802,25190.4,25198.8,24926.2,25055.2,86354876
20170803,25002.8,25005.2,24619.6,24675.1,88206784
20170804,24629.5,24879.7,24591.8,24827.4,67776967
20170807,24854.2,24979.3,24844.4,24906.3,52223527
20170808,24942.2,24966.1,24534.3,24599.5,70792652
20170809,24519.2,24532.4,24328.1,24374.6,78290219
20170810,24300.4,24326.9,23822.2,24217.3,87718421
20170811,23958.2,24191.2,23868.3,23985.8,157833300
20170814,24051.1,24212.2,24038.2,24115.8,76330838
20170816,24188.8,24461.2,23947.4,24437.7,94859044
20170817,24495.2,24496.2,24121.6,24237.2,69545034
20170818,24125.3,24130.2,23925.9,24074.4,60046818
20170821,24140.6,24258.9,23882.2,23936.5,69872289
20170822,24080.6,24127.4,23852.7,23974.4,70219974
20170823,24084.9,24350.0,24074.2,24316.8,69104870
20170824,24374.8,24411.1,24224.8,24274.2,72359374
20170828,24351.2,24422.4,24301.3,24377.1,52177374
20170829,24302.0,24320.9,24103.3,24128.9,60922360
20170830,24253.1,24384.1,24241.3,24308.7,47423550
20170831,24354.3,24354.3,24207.7,24318.4,79848731
20170901,24389.2,24494.3,24319.2,24434.0,66906837
20170904,24456.3,24459.3,24156.4,24236.8,52531466
20170905,24272.6,24388.1,24256.3,24328.3,47757761
20170906,24192.4,24331.3,24151.1,24279.2,59006554
20170907,24324.8,24413.1,24246.9,24304.9,69696218
20170908,24409.5,24419.2,24273.0,24370.8,47085077
20170911,24468.5,24735.3,24458.2,24672.2,60804947
20170912,24779.2,24821.3,24653.6,24784.7,66927717
20170913,24818.3,24948.8,24737.8,24831.8,68334647
20170914,24857.2,24994.3,24815.5,24912.2,77726236
20170915,24840.3,24916.8,24791.6,24844.3,114568146
20170918,24948.2,25105.3,24941.8,25046.9,65913355
20170919,25059.8,25103.4,24993.0,25041.6,60118203
20170920,24984.7,25052.6,24938.3,24965.1,87376241
20170921,24934.1,24992.5,24706.4,24799.2,72279851
20170922,24704.6,24709.7,24340.0,24368.8,91287072
20170925,24361.6,24363.8,24015.4,24165.1,92662078
20170926,24105.6,24236.9,24017.4,24199.2,66244294
20170927,24308.7,24331.8,23766.6,23812.9,80405424
20170928,23804.1,24074.2,23611.1,24008.2,136679326
20170929,24114.0,24227.4,24004.8,24053.0,71703679
20171003,24200.6,24226.8,24007.2,24103.4,66828025
20171004,24124.2,24230.4,24058.7,24113.3,61740801
20171005,24114.8,24188.3,24033.3,24058.1,67125178
20171006,24083.6,24242.1,24074.3,24190.0,84205169
20171009,24209.6,24311.1,24156.1,24251.9,66557307
20171010,24304.8,24379.8,24273.7,24347.4,62757458
20171011,24411.4,24460.2,24054.2,24107.4,75494487
20171012,24151.4,24393.4,23978.4,24361.2,73274598
20171013,24411.1,24779.8,24387.8,24689.2,89300075
20171016,24815.4,24878.7,24516.6,24703.1,118314121
20171018,24354.8,24454.7,24270.1,24313.8,161557992
20171023,24085.4,24151.0,23912.6,24088.9,97553776
20171024,24141.9,24293.2,24032.7,24222.2,111802359
20171025,24980.7,25157.8,24560.8,25035.9,855272765
20171026,24953.9,25186.1,24864.6,25022.2,432393230
20171027,24887.6,24995.7,24798.7,24839.6,237949256
20171030,24873.7,25064.8,24808.6,24988.6,186719253
20171031,25042.1,25078.7,24948.1,25019.3,156985664
20171101,25197.3,25549.3,25171.8,25490.4,210657047
20171102,25508.4,25598.8,25405.5,25427.3,141562948
20171103,25531.4,25695.5,25394.9,25650.7,209613852
20171106,25569.0,25694.6,25529.5,25571.2,113274004
20171107,25669.1,25695.8,25248.9,25300.8,142004765
20171108,25375.8,25435.6,25119.5,25184.3,129898237
20171109,25281.0,25385.2,25166.2,25291.3,107367752
20171110,25250.9,25598.6,25237.2,25498.9,194999284
20171113,25570.2,25611.6,25337.2,25358.3,128569682
20171114,25352.6,25404.8,25223.1,25284.6,109491821
20171115,25241.7,25318.1,25166.3,25218.9,129989778
20171116,25292.9,25496.1,25273.7,25446.6,109711080
20171117,25875.7,25924.9,25679.6,25728.4,151001517
20171120,25733.7,25803.2,25681.7,25768.6,84963946
20171121,25829.3,25871.1,25726.5,25757.5,90303101
20171122,25805.7,25831.9,25665.8,25766.7,102044483
20171123,25826.3,25838.6,25620.9,25736.2,79020195
20171124,25776.6,25849.0,25749.1,25779.7,70107830
20171127,25693.1,25931.8,25673.5,25891.9,74084777
20171128,25830.4,25953.5,25795.5,25846.4,84399131
20171129,25829.7,25877.8,25746.8,25795.7,74982549
20171130,25693.8,25700.8,25246.8,25332.4,141631632
20171201,25409.6,25441.3,25152.7,25191.9,87545844
20171204,25295.1,25297.2,24993.3,25075.1,75646330
20171205,25030.8,25217.7,24921.3,25124.8,85698111
20171206,25066.3,25077.4,24813.6,24851.8,72791908
20171207,24935.3,25097.4,24875.3,25057.2,60226256
20171208,25145.5,25367.7,25145.5,25321.2,74109991
20171211,25434.8,25448.8,25318.7,25404.8,57217432
20171212,25413.4,25416.2,25108.6,25125.4,81540197
20171213,25118.2,25270.8,24938.6,25000.3,86127346
20171214,25062.4,25205.9,24888.7,25168.2,78224367
20171215,25487.2,25559.1,25411.2,25440.3,117591365
20171218,25181.8,25759.9,24617.2,25594.6,139126828
20171219,25640.9,25757.9,25619.6,25716.2,79480979
20171220,25779.1,25780.1,25566.1,25591.7,119152801
20171221,25608.2,25629.9,25508.9,25554.3,76744356
20171222,25615.6,25694.5,25560.5,25648.6,83031068
20171226,25659.8,25712.9,25545.6,25675.2,60209393
20171227,25652.8,25733.2,25429.6,25496.1,73081341
20171228,25463.6,25561.9,25417.4,25490.0,111429897
20171229,25484.8,25566.4,25450.2,25539.4,65580984
